fecha_produccion,lote_id,producto_id,cantidad_planificada,cantidad_producida,tiempo_estimado_produccion,tiempo_real_produccion
2024-05-27,L7010,P10,558,512,6.82,7.85
2023-08-07,L4784,P2,1314,1311,4.0,4.33
2023-07-18,L9525,P1,1983,1950,3.18,3.31
2023-09-08,L2069,P3,1531,1542,2.95,2.49
2024-12-11,L2966,P8,1448,1427,6.44,7.92
2024-02-23,L1146,P3,1500,1443,6.07,7.56
2023-09-23,L7203,P1,421,457,1.1,2.21
2024-05-10,L9067,P1,1869,1787,5.68,5.46
2023-06-28,L9300,P4,1744,1650,4.99,6.41
2024-04-29,L7764,P1,824,753,4.39,4.63
2025-03-13,L2633,P3,726,739,4.1,4.76
2025-01-14,L8452,P10,1982,2029,2.9,2.54
2024-08-30,L8276,P8,1787,1741,3.33,4.52
2023-11-11,L4343,P1,1144,1067,3.73,5.05
2024-06-19,L8369,P9,683,676,6.62,8.46
2023-06-17,L4329,P9,1765,1698,4.32,3.82
2023-06-21,L6630,P2,598,535,1.78,3.45
2024-06-09,L9908,P8,429,462,7.31,8.06
2024-11-15,L3204,P10,1636,1586,4.22,3.93
2024-09-15,L4682,P4,484,433,3.23,3.51
2024-11-11,L2503,P10,1415,1405,4.99,4.7
2024-04-05,L7506,P10,1733,1674,6.7,8.49
2024-01-03,L7879,P9,400,373,7.85,7.69
2025-05-29,L6602,P10,1270,1242,3.11,5.09
2024-11-22,L9691,P1,305,265,6.14,7.95
2024-08-20,L5634,P8,1311,1283,7.41,7.77
2024-10-06,L5751,P10,1748,1723,1.99,2.56
2023-08-21,L4813,P3,1558,1510,3.34,4.7
2024-05-14,L9477,P10,1809,1775,1.35,2.96
2025-02-20,L5527,P3,1382,1323,4.69,6.29
2024-09-05,L2445,P8,1771,1675,7.67,9.16
2024-08-28,L5715,P2,771,701,5.8,5.35
2024-11-15,L4091,P2,1426,1476,4.61,5.83
2024-04-28,L6933,P10,1718,1752,6.71,6.38
2025-01-13,L4721,P4,1587,1530,3.17,2.88
2024-07-10,L4234,P9,513,458,6.21,7.74
2023-07-16,L5708,P8,166,178,3.44,4.37
2023-07-03,L9163,P2,1889,1907,4.38,5.32
2023-08-05,L3323,P4,1676,1714,2.78,2.39
2025-05-05,L2107,P8,800,827,7.81,7.46
2025-02-14,L4692,P3,1027,955,7.73,7.73
2023-07-06,L4145,P8,1627,1622,5.35,5.91
2023-11-07,L8163,P9,697,687,2.76,4.62
2025-05-02,L1863,P3,1712,1613,7.15,7.59
2024-11-25,L9129,P10,1816,1738,1.3,1.7
2023-07-18,L9209,P9,651,598,3.64,5.63
2025-02-09,L6223,P4,1082,1131,2.7,3.71
2024-05-08,L1934,P10,726,719,4.3,3.9
2024-04-18,L8121,P1,1955,1976,6.97,7.88
2023-12-09,L7259,P3,1494,1525,4.38,5.68
2024-04-11,L8621,P10,1361,1287,1.35,2.9
2024-01-01,L7455,P1,1366,1306,2.98,2.58
2024-08-26,L5056,P3,548,460,4.47,4.12
2024-08-05,L8595,P3,537,508,2.34,2.6
2025-02-24,L3759,P4,1949,1913,7.57,7.12
2025-01-11,L6752,P8,364,311,3.72,5.43
2023-12-04,L2093,P8,496,433,2.56,3.63
2023-11-26,L5702,P4,375,340,1.41,1.16
2024-05-27,L4111,P4,245,173,1.75,1.48
2025-05-06,L7772,P10,712,720,2.6,4.33
2024-09-04,L3652,P9,1703,1720,1.6,1.64
2023-07-05,L3138,P2,1777,1679,4.48,4.61
2023-07-04,L9025,P8,507,496,1.22,1.67
2024-11-02,L3274,P2,1948,1904,1.68,1.43
2023-11-04,L3580,P2,1651,1660,7.1,7.37
2024-05-23,L6045,P1,1494,1421,7.68,9.01
2024-05-08,L3579,P4,1823,1766,4.49,4.63
2024-10-15,L9274,P9,1570,1587,5.05,5.08
2025-02-20,L8836,P1,1868,1852,5.18,6.69
2024-10-05,L3959,P4,256,272,5.91,5.98
2023-09-30,L7054,P4,902,939,7.77,9.47
2024-08-05,L3329,P10,1153,1085,7.67,9.11
2024-10-06,L5841,P1,432,390,2.28,1.87
2024-05-11,L5569,P10,1135,1129,6.48,6.69
2024-01-01,L3788,P1,1293,1257,4.64,6.4
2025-01-11,L3178,P4,1942,1952,4.4,4.41
2025-03-12,L9049,P8,359,331,6.09,6.07
2023-09-20,L3493,P3,556,472,6.8,6.61
2024-07-06,L8214,P3,1602,1529,1.27,2.98
2023-08-11,L6350,P10,847,869,4.84,5.22
2024-03-01,L9458,P1,428,449,6.25,5.98
2024-06-13,L9031,P2,362,399,1.83,1.85
2025-05-11,L7930,P9,202,205,5.43,5.85
2024-10-10,L3521,P1,1509,1527,5.68,5.25
2023-11-30,L5666,P1,1367,1278,2.43,4.08
2025-03-29,L4566,P10,1650,1587,1.92,2.15
2024-04-02,L2171,P3,1589,1577,5.99,7.55
2025-02-17,L7865,P8,1391,1295,7.16,7.71
2024-05-14,L9167,P8,1946,1949,7.07,8.55
2023-07-05,L8326,P8,305,339,1.76,1.84
2023-10-16,L7330,P10,820,775,5.12,5.52
2024-11-03,L4988,P10,1953,1935,5.36,5.98
2024-07-25,L1349,P9,226,130,1.46,2.84
2023-09-25,L2470,P10,777,684,7.28,9.07
2025-01-04,L3417,P10,774,757,7.79,9.73
2025-05-10,L8571,P1,1697,1673,7.91,7.95
2024-11-27,L1720,P2,1040,1008,3.74,5.25
2024-12-29,L3825,P3,277,230,7.86,7.45
2023-11-08,L4050,P1,729,707,6.59,6.98
2023-12-08,L2607,P2,1556,1479,6.49,7.82
2024-02-02,L2693,P3,615,580,7.01,7.21
2024-01-13,L4342,P3,211,190,4.73,5.58
2024-01-03,L5164,P2,1938,1871,3.57,3.21
2023-07-25,L5872,P9,365,281,6.81,8.48
2023-10-22,L1448,P8,1986,2022,3.41,4.03
2025-01-31,L9308,P9,417,444,7.6,7.24
2023-09-19,L3510,P1,1728,1694,5.09,5.99
2025-05-12,L9739,P4,1282,1311,2.66,3.5
2025-04-17,L3695,P2,167,212,4.6,4.6
2024-06-01,L5491,P10,1760,1712,5.22,6.4
2024-03-26,L4079,P1,1394,1350,4.0,3.52
2024-12-06,L7726,P8,1998,1965,5.92,5.76
2024-03-22,L7804,P1,1060,981,6.38,7.6
2023-07-10,L6728,P10,745,784,2.3,3.18
2023-10-14,L1004,P10,277,188,6.63,7.1
2024-05-20,L1332,P10,196,124,1.18,2.45
2025-01-28,L1449,P10,1335,1282,6.0,6.9
2024-12-03,L3565,P1,1892,1876,2.78,3.64
2024-01-28,L8600,P2,1929,1898,5.63,7.33
2024-03-09,L6684,P3,401,324,3.66,4.34
2024-02-17,L9841,P9,975,1021,3.47,5.4
2023-06-28,L3170,P4,1075,1077,4.1,3.85
2023-08-07,L2038,P1,844,806,1.22,2.26
2025-04-05,L6644,P4,680,645,3.93,4.67
2024-08-28,L3002,P8,1486,1485,5.43,7.12
2025-02-13,L4195,P1,610,518,5.39,6.78
2024-01-15,L3899,P3,535,548,2.13,1.91
2023-06-17,L4180,P4,771,694,3.3,4.22
2024-01-28,L9419,P3,794,731,3.92,3.9
2024-05-28,L8333,P4,892,887,1.93,1.45
2024-11-24,L7806,P8,734,685,2.01,2.9
2024-12-20,L7986,P4,1628,1551,2.87,3.32
2024-11-14,L8012,P1,1109,1158,4.0,5.08
2024-05-04,L2367,P10,671,629,6.88,7.71
2024-01-05,L3128,P2,1890,1923,3.98,3.85
2024-04-18,L2634,P4,265,227,4.99,5.41
2023-08-17,L2685,P1,1826,1800,6.94,8.79
2023-07-14,L1982,P4,191,102,6.94,8.62
2024-03-17,L7081,P3,1404,1438,3.38,2.9
2025-04-02,L4623,P2,1034,1073,6.45,6.72
2025-02-19,L3663,P1,624,656,1.94,2.8
2025-01-23,L4282,P8,807,800,2.61,3.49
2025-05-20,L9186,P2,874,832,1.26,3.25
2025-05-07,L4988,P8,1006,1051,6.99,8.62
2025-03-23,L8347,P9,479,512,5.98,7.01
2023-09-03,L7373,P4,1181,1179,5.16,5.69
2023-08-10,L9302,P8,1537,1490,2.93,3.2
2025-01-28,L5795,P9,1800,1810,4.16,5.81
2024-10-18,L4771,P9,1276,1274,6.59,6.79
2024-09-17,L5192,P4,1330,1308,6.34,7.53
2023-07-12,L2651,P2,271,237,1.22,2.03
2024-05-13,L2964,P8,1104,1051,7.26,6.82
2024-01-17,L5127,P2,1337,1303,1.17,0.96
2024-05-30,L4338,P10,736,638,7.33,8.96
2023-12-31,L8917,P9,738,755,7.24,8.02
2024-04-02,L6542,P2,1755,1700,3.52,3.24
2023-11-24,L1410,P9,1950,1857,2.56,2.1
2024-02-17,L1087,P4,966,1004,2.45,2.16
2024-12-19,L5210,P4,836,767,5.5,5.28
2023-10-02,L4248,P9,414,388,2.9,3.13
2023-07-30,L9093,P3,393,427,7.93,9.31
2023-11-10,L2402,P3,431,441,5.91,6.39
2023-08-15,L4273,P8,387,385,6.09,5.91
2024-05-20,L6451,P4,117,17,1.92,1.67
2024-11-22,L8220,P2,1765,1731,4.23,5.71
2025-03-25,L1578,P8,1140,1161,2.08,1.61
2023-08-31,L8448,P1,1905,1900,1.33,2.34
2023-08-28,L9056,P3,831,824,2.7,3.26
2023-10-11,L3611,P3,1482,1519,5.94,6.82
2023-11-05,L8510,P1,599,632,5.96,7.03
2023-07-01,L1637,P4,583,496,2.95,2.54
2025-01-03,L9893,P8,426,466,5.66,7.14
2024-07-31,L8181,P2,1500,1447,3.12,3.06
2025-05-30,L1604,P10,1626,1568,5.12,5.98
2023-06-16,L2403,P1,530,474,4.9,5.22
2025-02-02,L2496,P10,1790,1824,7.35,7.53
2025-04-18,L9468,P4,1409,1316,4.33,4.96
2024-06-18,L4662,P10,846,804,7.0,8.66
2023-09-21,L4166,P4,513,447,2.47,3.27
2024-11-06,L4436,P9,1663,1695,5.09,5.81
2024-08-12,L4117,P9,1026,1059,6.86,7.36
2023-06-22,L5682,P8,216,155,4.61,6.52
2024-12-08,L6620,P2,508,558,4.57,6.36
2023-09-08,L5694,P9,1099,1018,1.15,2.48
2025-03-26,L1255,P2,952,980,6.22,7.33
2024-01-13,L7950,P4,1949,1949,2.24,3.73
2023-09-21,L7496,P4,275,198,6.28,6.17
2023-07-04,L7757,P3,914,950,6.89,7.8
2024-12-05,L8058,P4,960,944,5.65,7.43
2025-03-10,L5766,P4,1081,991,1.34,2.02
2023-11-11,L3975,P3,1336,1356,1.68,2.55
2023-07-07,L8071,P2,1073,1107,5.8,6.71
2024-07-19,L4521,P10,1645,1612,7.53,8.88
2023-07-23,L3899,P4,1120,1146,7.5,7.11
2025-03-28,L4000,P10,1202,1230,4.18,3.74
2025-04-02,L8068,P2,908,939,7.31,9.08
2024-06-26,L3203,P2,836,774,1.99,2.86
2024-08-27,L8475,P1,1469,1481,6.4,7.86
2025-01-17,L5625,P8,1984,1977,5.35,5.43
2024-07-23,L3674,P1,605,541,4.65,5.89
2024-11-01,L2981,P4,596,585,2.72,3.57
2024-11-01,L1486,P8,1789,1741,7.43,9.41
2025-05-25,L8888,P2,1467,1417,7.94,9.44
2023-09-12,L5850,P9,195,179,6.65,8.05
2023-08-15,L5940,P3,1446,1406,4.08,4.81
2023-07-17,L2595,P8,1490,1532,7.34,7.06
2025-04-14,L4056,P4,923,830,4.13,5.61
2023-12-07,L6198,P9,1775,1760,2.9,4.35
2023-07-11,L2766,P2,1138,1052,5.78,7.56
2024-03-21,L5392,P2,1332,1371,3.38,5.27
2024-10-14,L8306,P1,668,707,4.79,4.84
2024-12-31,L2945,P1,1024,937,3.16,3.08
2025-01-20,L6436,P3,864,873,2.59,2.25
2024-11-12,L5128,P3,1544,1526,7.17,7.82
2024-12-12,L9842,P9,1435,1440,5.83,5.95
2024-01-26,L5912,P2,1824,1854,4.11,5.5
2025-02-07,L3171,P9,797,829,5.08,6.65
2023-06-22,L4953,P4,138,175,3.86,4.49
2023-11-24,L1916,P1,524,557,1.84,2.54
2024-09-17,L3752,P3,671,650,2.6,4.1
2025-05-12,L6859,P3,619,524,1.94,3.01
2024-03-19,L5300,P2,1766,1707,5.2,5.47
2023-10-23,L2516,P10,1348,1282,7.89,9.3
2025-02-23,L3757,P9,1961,1994,7.2,9.16
2024-03-28,L5995,P2,867,890,2.11,2.57
2025-01-25,L7785,P4,470,375,4.51,6.38
2024-03-02,L2256,P4,1445,1413,7.53,8.18
2024-03-20,L5131,P2,732,730,2.41,3.59
2023-07-22,L4551,P4,1317,1336,3.7,3.58
2024-05-20,L4349,P9,588,564,3.54,3.58
2024-07-26,L3137,P9,1834,1737,4.86,4.89
2023-08-12,L2278,P2,1230,1225,7.76,8.78
2024-08-21,L2218,P9,543,568,1.26,2.55
2024-06-20,L4931,P8,882,870,4.19,5.49
2024-12-19,L2020,P8,1496,1491,7.12,8.64
2024-08-13,L2135,P3,1365,1310,4.45,4.46
2025-03-21,L8235,P10,105,127,6.42,8.38
2024-12-25,L4933,P1,1922,1931,5.71,5.68
2024-06-12,L7595,P9,994,952,2.88,4.24
2024-04-16,L9743,P4,1738,1668,5.36,5.16
2024-11-07,L4084,P4,197,214,5.63,5.49
2024-04-25,L3113,P10,771,745,6.98,7.51
2024-02-06,L9662,P4,140,169,1.88,3.01
2024-08-01,L7841,P4,1464,1417,2.68,4.09
2025-04-26,L2454,P3,1840,1827,1.49,2.31
2024-12-02,L2383,P2,257,173,3.89,3.95
2023-08-12,L5710,P8,1917,1851,3.41,3.53
2024-05-13,L9581,P1,447,380,7.01,8.27
2023-08-27,L7928,P4,831,861,1.49,3.04
2025-03-19,L6628,P9,1534,1550,3.78,5.29
2025-03-08,L9975,P10,438,390,2.64,3.14
2024-03-21,L6191,P1,1796,1736,2.09,3.96
2023-11-13,L7388,P9,1987,1891,7.34,7.62
2025-01-18,L2160,P8,1461,1373,1.69,3.1
2023-07-12,L3930,P4,1014,1057,5.08,6.02
2024-08-14,L1351,P2,1455,1470,5.12,5.21
2025-03-29,L3313,P10,267,167,7.74,7.89
2023-10-17,L4960,P4,158,153,6.8,6.89
2025-05-03,L6925,P9,504,441,4.09,5.01
2023-08-06,L3719,P2,249,260,5.87,6.1
2024-03-30,L9787,P9,1456,1441,5.59,5.96
2023-09-18,L1281,P10,1890,1904,5.22,7.17
2024-03-06,L8346,P3,933,903,2.1,3.71
2025-01-14,L1342,P8,1711,1701,2.12,2.66
2025-05-15,L9351,P4,1175,1196,7.17,8.99
2025-03-27,L3824,P10,1696,1610,2.36,3.68
2025-04-25,L1439,P8,754,707,4.34,5.74
2024-05-12,L2787,P1,959,934,6.65,7.43
2025-01-03,L9897,P3,1845,1814,7.91,9.44
2024-03-16,L9948,P8,1717,1647,2.55,3.9
2023-10-01,L4524,P3,471,371,4.45,5.61
2023-06-23,L6789,P3,1252,1220,1.82,3.71
2024-04-24,L4967,P2,792,750,7.2,8.65
2025-02-26,L6801,P3,843,799,4.17,5.09
2024-07-07,L5844,P3,955,871,1.23,3.16
2025-05-02,L1634,P2,1157,1070,3.9,4.71
2024-01-06,L1922,P4,915,902,2.62,4.05
2024-08-12,L2203,P8,1145,1051,6.62,7.66
2024-08-19,L7774,P9,1727,1762,3.51,5.02
2024-05-17,L2295,P3,1068,1055,6.12,6.47
2024-07-07,L1269,P4,910,954,5.72,5.89
2025-01-09,L2976,P3,1169,1094,6.89,8.59
2023-06-26,L4974,P1,1343,1342,4.84,6.33
2025-02-01,L6817,P2,1040,959,4.73,4.28
2024-02-20,L8427,P3,1512,1415,4.21,4.14
2023-11-08,L8729,P8,367,326,3.18,3.47
2024-07-08,L9899,P8,1841,1767,6.26,6.96
2024-03-23,L4406,P8,1256,1190,7.88,8.97
2023-12-22,L1182,P10,257,252,7.95,9.59
2023-10-26,L9244,P1,503,414,3.58,5.48
2023-08-19,L7208,P10,1125,1051,3.86,5.35
2023-11-13,L8966,P8,1569,1532,5.15,6.88
2024-07-08,L4839,P1,1014,977,5.2,5.72
2024-03-30,L5320,P3,1801,1800,7.8,9.0
2024-01-16,L9386,P2,1830,1742,6.93,8.15
2023-10-27,L6948,P10,1166,1182,4.09,5.26
2023-09-09,L2294,P8,837,808,5.19,5.28
2024-01-08,L3083,P4,1267,1208,6.04,7.48
2025-03-29,L1804,P4,1483,1529,1.98,2.68
2025-03-03,L5675,P4,1296,1277,3.09,3.27
2024-08-21,L2583,P1,560,551,5.8,7.72
2024-10-15,L9795,P2,846,749,3.56,3.6
2025-01-03,L1926,P10,113,134,2.32,2.01
2024-08-30,L9253,P2,1751,1733,4.61,6.51
2025-04-18,L4295,P9,1674,1714,2.36,3.65
2024-06-04,L6161,P8,1251,1211,3.02,4.94
2023-07-20,L5560,P10,145,81,4.57,4.76
2024-07-23,L9388,P10,1959,1893,7.47,7.51
2024-10-25,L1717,P8,387,358,3.46,3.38
2025-04-15,L6628,P1,1713,1693,4.87,5.83
2025-05-15,L4719,P8,1637,1599,5.65,5.6
2023-12-01,L1149,P3,866,814,6.54,7.0
2023-11-26,L2946,P1,1538,1571,4.63,5.49
2023-07-16,L5047,P1,1101,1126,3.96,5.53
2024-03-18,L3290,P4,1601,1522,4.33,5.0
2025-04-26,L2269,P9,1669,1579,6.77,6.62
2024-05-04,L4435,P9,1692,1633,5.93,5.69
2025-03-11,L8227,P9,1060,996,3.19,3.42
2024-02-21,L6545,P8,615,604,2.59,3.07
2024-03-25,L4685,P8,591,619,3.73,5.36
2023-12-16,L8883,P8,1894,1828,2.59,3.35
2023-06-24,L6669,P10,1616,1605,7.33,8.88
2024-05-04,L4559,P4,1755,1697,1.89,3.83
2024-05-02,L6297,P2,104,104,2.3,3.08
2024-04-23,L4161,P9,1560,1566,3.62,3.82
2023-08-12,L8835,P3,225,208,2.18,2.46
2025-05-26,L9540,P3,1508,1538,4.05,4.41
2024-07-13,L9725,P10,1059,1090,7.24,7.06
2024-11-11,L5234,P8,1912,1919,7.5,7.65
2024-08-13,L4025,P3,1185,1085,3.97,5.1
2023-09-14,L4018,P8,914,867,1.84,1.46
2023-09-14,L4136,P1,284,245,5.99,7.23
2023-09-08,L1714,P8,1219,1263,4.5,5.75
2023-12-22,L5346,P8,1151,1110,2.12,2.55
2024-06-22,L5942,P1,730,652,1.56,2.42
2023-10-30,L2022,P1,606,563,5.8,7.22
2025-01-23,L5395,P4,1736,1754,2.8,2.97
2024-03-08,L2370,P10,782,769,5.73,6.02
2024-06-30,L5106,P9,589,513,6.24,7.99
2024-10-26,L2899,P3,1858,1856,2.24,2.5
2023-11-13,L1186,P10,1491,1415,4.98,6.56
2025-02-03,L3334,P9,1329,1308,3.46,4.94
2023-07-28,L2863,P10,575,479,6.03,6.4
2024-07-23,L9203,P2,801,706,1.52,3.42
2024-01-28,L5770,P3,1511,1466,2.57,2.81
2025-01-05,L6677,P4,1624,1562,6.87,7.4
2024-08-31,L6912,P4,1241,1220,4.11,5.06
2023-12-30,L2240,P1,1131,1050,1.38,3.3
2025-05-29,L3673,P3,650,676,6.37,7.03
2024-04-07,L8868,P2,1499,1430,1.51,3.25
2023-08-10,L8734,P2,1408,1433,1.03,0.73
2023-09-04,L9572,P9,1892,1918,4.96,4.62
2025-04-01,L6541,P3,1811,1820,3.51,4.37
2024-01-21,L3907,P4,385,380,2.05,3.9
2024-07-22,L2285,P9,977,877,6.65,8.43
2024-11-23,L2121,P3,608,534,7.28,7.65
2024-05-13,L5696,P4,1143,1072,2.05,3.11
2023-09-11,L7338,P4,1182,1215,7.67,8.59
2024-05-07,L4818,P9,174,196,7.4,9.21
2025-01-14,L4294,P8,1237,1175,7.18,7.88
2023-09-23,L9561,P10,1792,1762,1.73,2.14
2024-12-09,L3995,P2,342,265,1.74,1.77
2023-09-12,L6199,P1,374,366,7.77,7.38
2024-04-28,L6160,P8,958,903,6.89,7.09
2025-05-09,L3187,P9,1017,919,4.7,4.95
2024-10-21,L1986,P4,1579,1622,3.99,5.03
2023-12-13,L2388,P8,447,422,5.22,7.04
2024-06-20,L8022,P10,1528,1575,7.11,7.72
2024-07-01,L3325,P9,1905,1918,7.77,9.77
2025-01-16,L8492,P3,1773,1686,6.57,6.38
2025-03-25,L9054,P3,1933,1928,6.4,7.56
2024-06-19,L8283,P3,1700,1693,3.01,4.08
2024-07-15,L8422,P8,710,753,5.05,4.8
2024-02-14,L9378,P4,1925,1898,5.38,5.97
2025-01-10,L2219,P1,1247,1203,4.85,6.67
2023-10-29,L8214,P10,105,98,7.79,9.51
2023-06-24,L7953,P1,1202,1194,2.38,3.35
2024-12-09,L9869,P4,1453,1441,4.12,4.16
2024-12-05,L4221,P10,517,431,5.95,7.48
2023-12-02,L5135,P3,1484,1389,5.49,5.44
2024-06-21,L3974,P10,699,639,6.39,6.34
2025-02-04,L3104,P3,659,647,6.08,6.01
2025-04-07,L2191,P3,1979,1971,7.16,7.96
2023-09-01,L6690,P3,1814,1764,1.44,1.63
2024-01-30,L2207,P10,1101,1107,2.72,3.37
2024-02-10,L9030,P1,1331,1298,1.73,1.36
2023-08-20,L3297,P1,904,811,2.6,3.82
2023-08-13,L1846,P3,1932,1939,3.2,4.14
2024-05-13,L5590,P3,895,923,7.08,7.58
2025-05-07,L5419,P1,258,262,3.08,4.03
2023-08-01,L1826,P3,523,494,3.88,3.38
2023-08-31,L2674,P10,1692,1597,3.86,3.79
2023-08-13,L2974,P3,195,131,4.09,4.33
2025-04-03,L8065,P9,1859,1798,7.03,8.19
2024-05-13,L1181,P10,690,697,6.45,6.26
2023-07-09,L4492,P3,447,432,7.2,7.07
2023-06-18,L1856,P1,1266,1245,3.79,3.78
2025-03-27,L8269,P2,1894,1864,1.65,1.53
2025-01-07,L9472,P3,1654,1679,3.94,5.21
2025-02-07,L8848,P2,223,157,3.05,3.46
2024-11-10,L2176,P9,1918,1966,1.44,2.8
2024-09-07,L9595,P8,301,215,3.56,4.97
2025-01-22,L6070,P2,721,669,4.48,6.23
2025-03-21,L2915,P9,111,138,1.33,1.78
2024-04-04,L8161,P8,894,852,1.82,2.96
2023-07-31,L4548,P3,907,866,5.17,6.44
2025-01-08,L2788,P10,1548,1509,6.01,6.21
2023-06-20,L2171,P3,904,908,7.96,7.65
2024-07-14,L3169,P4,1329,1323,2.99,3.54
2023-08-13,L3773,P3,232,156,6.18,6.05
2024-12-15,L8206,P10,1389,1307,3.03,4.37
2023-09-23,L6323,P2,103,98,6.16,7.69
2023-09-19,L8915,P10,1449,1385,7.09,8.76
2023-08-06,L8551,P9,1291,1324,2.24,3.52
2024-12-24,L6471,P1,921,821,4.27,5.46
2023-07-23,L6072,P3,1950,1924,3.93,5.11
2024-06-21,L6276,P9,1674,1700,1.77,2.59
2024-01-25,L5968,P10,278,277,6.05,7.87
2024-04-18,L8181,P10,1695,1638,5.34,6.97
2024-02-24,L7088,P4,1057,1066,6.31,7.51
2024-11-28,L2009,P10,1570,1518,2.88,2.43
2025-03-17,L9033,P2,1580,1490,5.1,5.04
2025-03-18,L1634,P1,1096,1082,5.45,6.78
2025-03-22,L2584,P8,860,910,2.35,3.55
2024-11-08,L7287,P3,1822,1729,7.19,6.91
2024-03-03,L5403,P2,1181,1204,3.81,3.81
2025-01-18,L8993,P3,109,70,3.5,3.94
2025-01-15,L7906,P1,824,775,5.95,6.47
2024-04-21,L7580,P3,1412,1447,5.62,6.24
2025-01-13,L8474,P8,202,236,4.42,4.24
2024-04-22,L7955,P10,1273,1274,1.57,3.37
2023-11-23,L9605,P2,1830,1857,4.44,5.45
2024-06-06,L4496,P9,1152,1087,1.78,2.06
2024-09-14,L5040,P2,1450,1379,2.09,4.06
2023-10-16,L7167,P9,1921,1857,2.9,2.48
2023-11-10,L6706,P9,1146,1126,1.69,2.25
2023-09-26,L9691,P3,612,644,3.44,4.89
2024-01-15,L1779,P10,572,520,4.51,4.55
2023-11-29,L3543,P2,1973,1886,3.4,3.6
2025-03-12,L8928,P10,1273,1175,5.0,4.89
2024-01-19,L7027,P2,1987,1911,7.31,7.33
2024-04-07,L7200,P4,1270,1191,4.41,5.28
2024-12-07,L7904,P4,541,446,7.65,8.22
2025-05-27,L4804,P9,677,602,4.28,4.58
2024-11-02,L6974,P4,815,811,1.92,2.31
2023-11-12,L6632,P10,762,693,2.03,3.97
2023-10-17,L2210,P8,967,898,6.88,8.82
2023-09-20,L3012,P10,1275,1305,1.6,1.3
2025-03-12,L8970,P8,998,1038,2.0,1.84
2024-04-16,L8082,P2,440,341,3.18,3.08
2024-02-25,L2709,P10,1902,1919,1.52,1.31
2024-04-09,L1121,P8,104,143,4.38,4.27
2023-06-17,L4595,P8,1105,1011,1.87,2.57
2024-02-15,L8896,P8,1190,1139,3.73,5.43
2023-10-07,L6538,P4,859,802,3.98,5.63
2024-11-20,L3243,P1,1837,1804,4.51,4.62
2024-05-16,L3957,P4,944,911,4.72,5.78
2023-09-25,L8684,P4,547,521,4.75,6.06
2024-08-18,L4527,P4,1819,1866,1.26,2.15
2024-08-24,L8968,P4,967,970,1.62,2.0
2023-06-30,L3977,P4,1855,1835,7.01,8.29
2025-04-05,L2057,P4,291,265,7.75,7.96
2024-05-12,L8256,P2,407,308,5.49,7.2
2025-03-14,L6904,P2,1903,1921,6.49,6.43
2025-02-05,L9474,P3,1417,1350,3.3,3.56
2023-07-11,L1444,P10,968,884,2.56,4.49
2024-04-14,L5128,P8,474,393,1.95,1.82
2024-12-29,L9785,P1,1640,1630,1.11,0.79
2025-02-24,L3357,P10,142,168,5.15,5.04
2024-03-29,L3121,P10,505,461,3.61,4.13
2024-02-21,L5991,P3,1044,951,5.61,6.72
2023-08-28,L8603,P1,761,737,6.95,8.56
2025-02-20,L3125,P1,1754,1763,7.76,9.13
2024-11-08,L8585,P2,158,113,5.54,6.32
2023-11-07,L1783,P1,208,189,7.63,8.12
2024-04-20,L3172,P2,1276,1193,2.45,2.66
2024-01-09,L9358,P2,429,367,7.25,6.9
2025-01-29,L6885,P8,1634,1594,4.04,5.48
2023-09-05,L5088,P8,636,569,7.57,8.86
2024-12-13,L5040,P8,947,963,2.46,4.11
2024-06-30,L6376,P8,228,203,7.99,9.88
2025-05-11,L2311,P3,1417,1322,4.49,6.15
2024-07-18,L7904,P4,426,332,2.57,4.54
2023-11-17,L9959,P4,259,269,7.95,7.99
2023-09-29,L3083,P10,845,815,7.73,8.55
2025-01-04,L6679,P1,118,32,4.19,3.91
2024-01-16,L6928,P9,1887,1891,6.59,7.9
2025-02-15,L9741,P9,213,133,4.08,4.06
2024-09-25,L8660,P3,949,935,7.69,7.48
2023-11-18,L2672,P10,215,240,4.82,6.65
2024-09-17,L5255,P9,164,185,5.25,6.37
2025-03-21,L1324,P10,1549,1537,6.88,7.48
2023-12-14,L5539,P10,1621,1666,2.77,2.63
2024-04-30,L5615,P10,908,904,2.1,3.61
2024-11-21,L7180,P3,678,586,3.93,4.2
2024-10-01,L5173,P1,1729,1702,7.98,9.86
2024-03-25,L1111,P1,754,801,7.5,7.07
2023-08-10,L8640,P9,1078,1086,4.26,4.36
2024-05-23,L4980,P2,546,512,2.96,2.73
2023-12-27,L3687,P9,1544,1523,3.32,3.84
2025-03-19,L4563,P10,1989,1948,4.06,5.75
2024-08-04,L1717,P9,1199,1187,3.59,4.36
2023-06-25,L1709,P4,1233,1171,6.18,7.01
2023-12-15,L6764,P8,1126,1097,4.36,6.1
2024-05-26,L7498,P9,1568,1510,2.68,3.41
2024-01-01,L4159,P9,1050,981,4.79,4.7
2025-03-02,L5075,P4,603,530,2.75,4.29
2024-03-19,L6586,P8,1779,1698,1.02,2.39
2025-01-02,L4532,P2,744,767,4.69,5.39
2024-08-28,L3569,P2,841,855,4.99,4.59
2025-01-28,L5930,P4,1919,1917,4.56,6.19
2023-08-30,L2651,P3,140,97,6.93,7.39
2024-04-20,L7957,P1,1605,1516,2.24,2.62
2023-10-29,L9255,P10,909,929,5.13,5.84
2024-05-09,L5083,P1,1280,1267,5.61,5.24
2024-10-01,L4658,P2,1771,1688,7.75,9.41
2024-09-07,L7762,P10,835,770,5.19,5.47
2024-05-01,L6595,P9,1792,1837,6.32,6.02
2023-07-02,L5103,P4,453,422,2.56,2.84
2024-06-28,L2266,P8,1348,1336,5.71,5.28
2024-11-19,L3867,P4,1328,1320,1.73,2.02
2023-12-27,L4988,P9,1161,1155,5.35,5.21
2023-12-01,L4545,P4,165,78,3.94,4.95
2024-09-14,L3465,P4,782,759,7.01,7.65
2023-08-02,L6686,P4,1028,943,6.86,7.07
2023-08-23,L2888,P10,877,862,7.63,8.16
2023-10-21,L5882,P4,994,930,6.38,7.62
2024-04-18,L6804,P2,1575,1618,6.01,5.94
2024-01-20,L7688,P1,1395,1400,1.21,2.9
2024-01-20,L5579,P9,878,880,3.94,4.12
2023-08-23,L4047,P4,452,497,2.78,4.78
2024-04-22,L2999,P9,295,210,7.8,8.07
2024-06-12,L2113,P2,1944,1914,3.43,5.17
2024-05-29,L9910,P9,1873,1841,5.35,7.03
2025-01-30,L5560,P3,329,265,5.39,4.94
2023-11-28,L1686,P1,846,746,6.12,6.58
2023-10-29,L3819,P2,1827,1746,2.35,2.2
2024-02-22,L1184,P8,960,901,7.06,9.04
2025-04-25,L1278,P10,1193,1180,4.6,6.32
2023-08-18,L8666,P2,1778,1744,2.64,4.24
2023-11-28,L9707,P8,863,913,1.15,2.79
2023-10-25,L4153,P9,953,899,3.63,4.36
2025-05-07,L7249,P4,1853,1794,3.31,4.79
2024-01-05,L4737,P10,322,297,6.69,8.4
2024-03-11,L5721,P10,1518,1482,4.93,6.52
2024-02-21,L5128,P3,1540,1578,1.1,0.72
2024-10-25,L6896,P9,1162,1113,6.99,8.85
2024-11-13,L5580,P4,601,612,3.53,3.99
2025-01-10,L1327,P4,1529,1560,2.41,4.05
2023-12-10,L7616,P1,550,554,3.56,5.34
2024-09-10,L8083,P9,1672,1587,5.64,6.55
2024-03-29,L3744,P10,700,714,3.2,3.22
2023-11-28,L4002,P10,1868,1856,7.73,8.36
2024-01-10,L3290,P4,1977,1909,7.74,8.06
2025-05-07,L4781,P1,584,508,3.12,3.53
2023-08-02,L4643,P8,735,725,5.25,5.45
2024-08-29,L2323,P4,140,63,5.2,5.36
2023-10-01,L9616,P3,404,356,7.68,8.45
2024-09-21,L9943,P1,1589,1578,1.33,1.54
2023-11-02,L7194,P10,1210,1110,4.56,5.52
2024-01-30,L1193,P3,735,767,5.91,5.6
2025-05-20,L3243,P1,955,982,1.42,2.5
2024-05-30,L7691,P8,768,751,7.28,9.14
2024-08-24,L3707,P4,490,437,3.92,4.47
2024-08-30,L4681,P10,720,694,5.76,6.99
2025-05-31,L4026,P4,1224,1173,5.3,6.36
2023-06-16,L1969,P1,318,342,4.97,5.47
2024-11-28,L8598,P1,1403,1377,3.45,4.32
2024-05-24,L2674,P1,386,352,4.99,5.96
2025-01-16,L7844,P10,1526,1432,4.11,4.18
2024-03-08,L1617,P4,1211,1158,6.02,7.3
2023-06-29,L4440,P10,425,402,7.26,7.37
2025-01-01,L7854,P8,1419,1404,2.58,2.64
2023-10-29,L1906,P10,734,660,1.26,1.93
2023-07-11,L4898,P4,1350,1322,5.46,6.51
2023-09-23,L6852,P4,1613,1586,3.65,4.99
2025-02-13,L2660,P4,1309,1292,6.62,6.45
2023-12-20,L3386,P2,1037,945,3.72,4.44
2024-09-08,L8179,P10,691,667,3.43,3.74
2025-04-07,L8494,P3,516,468,4.15,5.44
2023-07-24,L5370,P4,504,446,6.13,7.24
2023-08-04,L7568,P3,1135,1076,2.08,1.72
2023-06-21,L2105,P8,1843,1788,1.58,3.17
2024-12-21,L3180,P8,160,202,5.61,6.19
2023-09-16,L8855,P8,440,415,6.97,7.22
2025-04-11,L9709,P10,1176,1206,2.42,2.06
2024-06-12,L9618,P9,1438,1455,3.46,4.34
2023-10-01,L5251,P1,808,807,3.49,4.46
2025-01-11,L3442,P10,986,990,2.59,4.19
2024-11-12,L8559,P9,1700,1710,5.88,7.84
2024-04-13,L8634,P2,1742,1685,2.36,2.43
2024-08-09,L6177,P4,1125,1059,6.32,6.71
2024-04-20,L6941,P10,1383,1420,5.45,6.85
2023-09-15,L2641,P2,212,259,2.7,2.42
2024-06-04,L1760,P10,853,795,5.75,6.84
2023-09-15,L6881,P10,591,553,4.97,4.95
2024-04-15,L2496,P4,1733,1669,6.98,8.21
2023-07-23,L2937,P2,430,447,5.29,5.16
2024-06-02,L9755,P10,634,656,6.78,8.72
2024-04-09,L2004,P8,474,440,2.82,4.26
2024-10-23,L2999,P3,1843,1888,6.98,6.49
2024-11-14,L8902,P4,797,752,4.43,5.87
2023-12-25,L5725,P9,614,657,6.42,6.01
2023-07-11,L8291,P8,220,211,2.81,3.96
2023-07-18,L8680,P9,980,950,1.07,1.26
2024-05-19,L1550,P10,1389,1421,1.49,2.23
2024-12-06,L1450,P3,1188,1123,4.0,4.57
2023-12-08,L6875,P3,1375,1321,6.06,7.57
2024-04-08,L1960,P3,102,35,6.08,6.96
2024-12-20,L2052,P3,214,216,1.29,2.42
2024-12-05,L6211,P4,1053,996,3.7,3.63
2023-09-27,L6774,P9,637,618,2.17,3.29
2023-09-09,L7098,P10,1128,1125,4.85,5.82
2023-09-02,L7926,P8,761,759,6.9,7.5
2025-01-02,L4718,P3,487,482,7.21,9.2
2024-12-19,L5336,P4,1906,1862,4.76,5.64
2024-01-15,L2507,P1,1011,1004,7.77,9.58
2023-08-07,L4217,P2,896,818,4.06,4.14
2024-08-14,L1740,P1,1851,1812,7.68,8.32
2025-03-30,L7835,P3,1062,1086,6.19,6.66
2024-08-21,L5228,P2,1929,1885,1.65,3.54
2024-10-27,L6386,P1,1421,1403,4.34,6.1
2023-12-23,L8340,P10,1774,1789,4.18,5.96
2025-02-16,L7869,P9,1932,1946,4.45,4.58
2024-03-15,L1074,P3,1897,1874,3.85,5.49
2024-12-30,L2590,P1,779,690,7.71,7.43
2024-04-24,L6441,P9,1285,1220,6.42,8.16
2024-07-20,L7150,P8,1011,994,5.97,5.81
2024-12-11,L3779,P3,1646,1598,7.39,7.81
2023-09-14,L7151,P8,1212,1208,6.66,8.49
2025-04-25,L9264,P1,412,382,6.54,7.4
2024-03-14,L1198,P2,1490,1441,7.67,8.87
2024-08-04,L5025,P9,1076,1089,7.64,7.88
2024-05-04,L3032,P4,441,438,6.91,6.91
2025-05-21,L4115,P4,1221,1220,7.65,8.93
2024-09-19,L6970,P10,817,824,7.66,8.5
2023-07-19,L9079,P1,102,7,5.23,5.32
2024-10-07,L4081,P2,984,908,7.18,8.79
2025-04-06,L2669,P8,238,282,6.54,8.37
2023-09-22,L4030,P1,854,767,1.3,1.85
2023-10-29,L8879,P8,1643,1685,6.69,6.81
2023-10-31,L9592,P8,1104,1006,7.9,9.62
2023-08-06,L4247,P4,1090,990,3.78,5.2
2024-05-28,L5781,P9,350,389,3.6,3.53
2023-11-17,L2171,P10,1676,1634,4.85,4.99
2024-03-21,L9320,P10,1794,1813,4.44,4.33
2023-11-04,L5717,P2,1980,1936,5.56,5.66
2023-08-30,L9183,P8,1237,1226,4.86,5.51
2023-07-27,L4716,P8,796,765,2.35,3.85
2023-10-17,L6498,P2,1441,1483,3.41,4.06
2024-11-28,L4974,P1,1268,1317,1.33,3.0
2024-03-21,L5397,P8,1549,1587,1.32,1.1
2023-07-25,L4663,P1,1520,1447,7.8,8.4
2024-12-06,L9531,P10,1862,1774,4.34,4.65
2024-03-31,L1515,P10,1957,1869,2.51,2.81
2023-11-25,L7271,P8,337,308,4.72,4.92
2024-08-08,L7481,P8,155,194,7.2,7.53
2025-05-30,L9315,P2,819,799,5.13,5.29
2024-08-29,L1371,P10,1669,1579,4.68,4.38
2024-01-23,L3128,P4,1332,1273,3.18,3.1
2024-05-16,L4565,P3,1196,1242,2.75,4.66
2024-12-09,L8019,P3,1899,1853,6.74,7.65
2025-02-05,L7363,P9,248,217,7.9,9.65
2024-02-18,L8998,P9,238,254,4.99,5.57
2023-10-24,L8684,P4,1830,1819,2.14,2.09
2025-01-07,L9397,P10,516,454,5.53,6.43
2025-01-06,L3296,P4,1502,1403,2.76,2.73
2025-05-03,L5114,P9,190,210,5.55,7.27
2025-05-25,L2271,P1,575,599,7.11,7.68
2023-12-06,L9977,P4,1360,1261,7.0,7.5
2024-04-07,L8670,P10,873,801,6.32,7.14
2024-05-06,L8227,P2,969,872,6.13,7.86
2024-08-31,L3134,P8,785,693,5.96,5.5
2023-11-20,L5132,P10,1546,1532,5.45,4.96
2024-12-22,L2566,P9,146,63,3.96,5.25
2024-02-03,L9267,P3,559,499,3.38,3.55
2023-08-06,L5691,P1,1218,1208,2.84,4.14
2025-05-26,L9955,P3,1730,1660,7.27,8.99
2024-01-11,L2140,P8,728,632,3.53,3.72
2025-05-20,L8383,P1,1873,1910,4.13,5.58
2025-01-17,L4222,P2,626,634,1.2,1.04
2024-07-06,L7812,P4,1737,1734,4.41,4.15
2023-11-19,L7775,P10,559,492,7.21,7.1
2025-03-11,L1530,P8,493,433,3.1,2.91
2023-10-15,L4320,P2,1471,1447,3.77,4.47
2023-09-19,L6964,P4,1059,1028,1.12,0.86
2025-04-14,L6996,P4,1985,1912,1.0,1.2
2024-07-27,L3109,P4,531,479,4.2,5.83
2024-05-27,L3389,P9,297,264,6.32,7.45
2024-02-21,L4840,P4,501,524,3.19,2.69
2023-10-27,L4003,P1,1917,1839,6.34,7.4
2023-06-30,L5866,P8,1460,1422,1.15,2.72
2024-07-21,L9654,P10,1871,1901,1.38,3.21
2023-07-26,L8203,P2,1887,1820,7.83,8.01
2024-12-12,L7280,P10,221,174,5.21,5.93
2024-10-18,L6609,P9,668,671,5.49,6.94
2023-10-22,L5590,P8,1569,1533,3.6,4.09
2023-06-19,L7364,P3,1699,1725,5.04,6.11
2024-04-25,L9036,P2,1004,909,2.81,3.03
2024-01-26,L8992,P10,1727,1771,1.7,1.32
2024-06-09,L4764,P10,484,504,4.19,5.88
2023-06-24,L3978,P4,872,862,2.83,3.83
2024-11-27,L1326,P10,1726,1763,7.3,7.09
2023-10-23,L7990,P4,736,653,3.42,5.27
2023-07-27,L1627,P2,320,264,5.82,7.5
2025-03-20,L9100,P1,801,729,1.28,2.61
2023-11-13,L2889,P2,1982,1978,6.37,7.19
2024-02-06,L9669,P2,597,627,6.97,6.94
2023-10-09,L5646,P8,714,631,2.3,3.14
2023-08-06,L7023,P9,1681,1588,1.05,2.9
2024-07-23,L2871,P3,573,587,2.05,2.61
2024-11-26,L4717,P4,184,201,2.58,4.27
2023-10-02,L5814,P3,232,238,5.46,6.0
2025-05-24,L7776,P10,815,783,2.91,2.82
2025-01-15,L4900,P10,856,790,4.74,4.27
2023-11-15,L9598,P1,694,684,6.86,7.37
2025-05-08,L1341,P2,1488,1479,4.73,6.04
2024-02-24,L1741,P9,1132,1068,2.6,4.39
2025-02-16,L1415,P2,1831,1854,6.61,7.39
2024-01-07,L4800,P2,1546,1565,6.44,6.38
2025-01-01,L2863,P9,667,707,7.89,8.64
2024-06-20,L9623,P10,472,454,1.25,1.36
2024-10-16,L8096,P9,1095,1086,5.57,6.66
2023-09-27,L9568,P8,1999,2044,6.22,6.1
2023-09-05,L4092,P1,1407,1410,1.66,1.67
2024-09-09,L6252,P9,1774,1717,3.51,5.45
2023-08-29,L6097,P2,1135,1138,1.95,3.19
2024-04-22,L8983,P10,899,857,3.1,3.11
2023-09-30,L1136,P4,578,549,4.6,5.84
2024-06-14,L1145,P2,1351,1316,6.84,8.76
2024-06-12,L7729,P8,859,806,3.65,4.96
2025-01-21,L4889,P2,135,147,7.23,7.0
2024-12-23,L9424,P9,1765,1738,4.38,5.11
2025-05-05,L9197,P9,1547,1521,1.38,1.46
2023-07-12,L8745,P2,1541,1484,5.17,6.59
2024-03-07,L1251,P4,1742,1679,2.13,3.54
2023-11-01,L3946,P8,1067,999,7.37,8.62
2024-04-16,L5612,P8,190,174,1.98,3.06
2025-03-14,L7909,P3,734,716,6.2,6.21
2024-11-28,L9739,P10,985,928,4.84,4.52
2024-11-12,L3756,P3,454,458,6.17,6.82
2024-04-02,L9261,P3,843,772,6.05,7.57
2024-09-27,L5066,P10,1439,1443,5.94,7.37
2023-06-19,L9927,P2,1764,1727,5.24,5.28
2023-11-09,L9111,P8,719,735,4.3,4.8
2024-02-10,L1605,P1,316,258,7.56,8.52
2024-11-03,L6938,P10,974,880,4.47,4.06
2025-01-12,L4053,P4,990,942,4.75,5.94
2025-01-11,L3836,P2,279,273,3.2,4.86
2025-05-16,L3674,P9,1828,1737,7.49,8.76
2024-02-09,L8310,P8,852,813,3.92,4.1
2024-10-29,L8232,P2,591,585,5.14,6.55
2024-05-22,L2049,P4,1344,1284,2.47,3.04
2024-03-12,L3982,P8,595,600,1.71,2.18
2025-04-30,L8999,P10,1988,2004,7.02,7.61
2024-11-25,L2079,P2,1974,1925,3.71,3.53
2024-04-08,L3835,P1,276,241,7.03,7.88
2025-03-20,L4072,P2,1872,1788,4.24,4.93
2025-03-03,L5639,P9,1882,1897,2.25,3.69
2024-09-16,L8047,P1,1132,1145,6.04,7.03
2024-10-15,L9550,P1,1468,1436,3.71,4.02
2023-11-03,L1341,P10,1923,1836,2.42,1.95
2025-01-03,L8668,P4,1482,1508,7.07,8.78
2025-03-14,L4503,P4,1990,1900,7.74,7.77
2025-02-27,L9094,P2,128,38,1.68,3.2
2023-07-25,L4335,P3,398,371,3.52,5.37
2024-05-18,L5373,P3,928,938,3.22,4.19
2024-04-10,L6879,P3,751,758,1.56,1.33
2025-04-05,L1422,P9,952,887,6.25,7.27
2025-02-23,L8399,P3,820,758,3.69,4.21
2024-12-28,L9616,P9,142,46,4.25,5.95
2023-11-26,L1474,P10,1511,1508,7.77,8.48
2023-09-05,L3889,P10,1669,1680,1.14,0.68
2024-03-28,L5095,P9,100,34,2.38,3.99
2023-08-27,L2816,P9,1362,1264,4.69,5.63
2024-07-16,L3077,P1,1209,1174,7.92,8.1
2024-07-26,L3382,P8,286,208,4.18,4.76
2024-08-13,L5258,P3,857,831,1.49,1.19
2023-11-08,L6119,P9,1439,1372,3.34,3.7
2023-08-23,L5391,P3,175,139,2.36,3.33
2024-06-20,L6699,P1,591,605,1.77,2.79
2024-06-21,L6274,P2,1090,1116,4.48,4.83
2023-07-02,L8959,P9,822,834,3.63,5.43
2024-04-16,L8019,P4,1860,1795,2.29,3.56
2024-05-30,L7099,P10,374,404,2.02,2.55
2024-10-11,L5789,P10,974,893,5.69,5.37
2023-10-31,L8201,P4,375,275,7.38,7.1
2024-07-06,L1350,P10,624,561,7.98,8.78
2024-06-01,L2585,P4,974,921,3.9,5.36
2023-10-02,L4830,P1,163,69,6.29,6.16
2025-02-26,L7532,P8,1064,1112,6.04,6.16
2023-07-08,L8248,P4,197,229,4.1,4.23
2025-04-13,L7251,P8,861,820,1.18,1.81
2023-09-19,L2947,P4,1126,1036,1.21,2.77
2025-04-14,L9439,P2,1506,1544,1.67,3.5
2023-10-02,L4125,P10,1548,1496,5.46,5.39
2024-02-10,L4486,P9,1722,1716,6.59,6.85
2025-04-12,L5700,P4,335,328,5.46,5.67
2024-11-23,L7869,P4,1052,1038,4.24,5.82
2025-01-07,L5120,P10,817,748,6.61,7.37
2023-11-23,L5324,P1,1444,1352,3.91,4.88
2025-05-26,L7114,P4,1112,1095,6.38,7.22
2024-04-30,L9145,P10,236,159,3.22,4.92
2025-04-27,L6965,P3,1923,1929,4.14,4.8
2025-03-16,L7525,P9,1850,1886,5.38,5.83
2024-06-18,L1855,P3,757,766,1.79,1.67
2024-09-08,L1692,P3,195,124,2.51,3.48
2024-07-10,L3542,P3,960,938,4.7,5.79
2024-01-05,L3532,P9,1752,1733,2.43,3.14
2023-06-21,L9495,P8,1187,1145,7.74,8.13
2024-07-16,L9412,P3,1051,1024,6.41,7.99
2024-03-06,L8928,P4,1083,1084,6.03,6.3
2025-03-17,L5629,P9,970,878,1.2,2.36
2024-11-04,L8668,P3,847,832,7.08,8.28
2025-03-06,L5173,P4,687,683,4.7,5.73
2025-03-31,L2301,P3,1236,1204,5.3,5.78
2024-06-30,L9502,P10,1157,1097,5.02,5.37
2024-05-06,L9657,P4,977,1010,5.18,5.17
2024-09-13,L3059,P9,1498,1456,2.94,3.76
2025-02-13,L8262,P9,638,615,4.09,3.85
2024-07-13,L9984,P3,312,318,5.54,7.15
2024-09-28,L2361,P4,758,669,2.77,2.44
2024-02-03,L6363,P3,161,142,1.34,2.88
2023-10-31,L5322,P10,1385,1330,3.17,4.8
2023-07-01,L1160,P8,1320,1277,7.1,7.25
2024-01-07,L5697,P4,1046,994,1.13,3.11
2024-12-12,L7279,P9,1146,1049,7.58,8.89
2025-05-28,L5076,P8,1840,1792,3.04,3.71
2024-09-28,L3445,P2,1696,1697,4.97,4.73
2024-05-20,L1289,P2,1038,1084,5.79,5.46
2025-03-24,L5267,P1,1000,1039,2.44,2.66
2023-11-02,L6442,P4,548,573,3.36,4.58
2025-04-15,L9734,P1,541,540,4.52,5.31
2023-11-14,L9722,P3,1006,948,7.41,8.64
2024-10-26,L9696,P9,1845,1792,5.67,5.69
2024-06-06,L6866,P3,432,393,2.29,1.94
2024-07-09,L6653,P9,1538,1558,2.82,3.63
2024-07-16,L5887,P2,1559,1499,2.95,4.19
2023-11-13,L4279,P9,1685,1651,5.57,5.6
2024-05-04,L3632,P10,1446,1487,3.48,3.18
2024-03-25,L1565,P8,203,185,7.46,7.5
2024-11-05,L4089,P1,1674,1648,3.58,4.22
2024-05-03,L8884,P9,1372,1380,3.76,5.45
2023-10-16,L5246,P1,1754,1744,5.76,5.95
2025-04-23,L5658,P9,164,152,4.81,4.6
2025-03-03,L3332,P1,1455,1447,4.07,4.24
2024-06-23,L1406,P8,720,680,1.34,2.03
2025-01-11,L3634,P10,1295,1306,6.23,7.89
2025-03-11,L2196,P4,838,758,4.0,5.99
2023-08-17,L1218,P2,1179,1166,2.51,2.29
2024-06-02,L2702,P1,1488,1399,4.74,5.4
2023-12-13,L1487,P4,176,165,5.25,6.68
2023-07-08,L5178,P8,584,574,6.81,7.51
2025-02-09,L9749,P4,941,881,3.42,4.1
2024-03-14,L2547,P9,521,561,2.73,3.42
2024-02-26,L4254,P1,302,329,7.11,7.8
2024-05-29,L2761,P1,860,887,3.86,5.0
2023-07-22,L3157,P9,265,270,2.14,3.54
2024-02-04,L9734,P1,1179,1142,1.16,2.83
2024-12-09,L9253,P2,1733,1760,4.45,6.03
2024-05-17,L1604,P8,1891,1903,6.55,8.04
2024-11-30,L2633,P4,387,423,1.01,1.87
2024-09-19,L9843,P3,1249,1168,7.98,8.26
2025-01-28,L9985,P4,890,804,7.96,9.03
2025-01-12,L1220,P9,1788,1718,6.24,6.28
2024-07-01,L5447,P9,1169,1123,2.8,2.45
2023-11-30,L3818,P2,1471,1467,6.18,8.08
2024-04-20,L1261,P4,1360,1319,6.43,6.44
2025-05-13,L6915,P1,1310,1256,2.83,3.39
2025-05-04,L8095,P3,618,638,7.35,7.65
2025-02-17,L6319,P9,920,937,5.5,7.21
2023-11-17,L7220,P8,770,715,4.95,6.45
2024-10-19,L6700,P8,951,879,1.56,3.31
2024-07-30,L6164,P4,1803,1759,3.88,3.85
2025-02-25,L3438,P1,1763,1777,5.73,7.37
2023-08-03,L9397,P3,1039,1055,4.09,3.86
2024-12-30,L8445,P3,162,126,3.68,4.02
2024-03-06,L7209,P2,1041,991,4.07,4.68
2024-01-28,L1409,P9,229,202,1.39,1.4
2025-05-20,L5421,P2,1765,1785,6.57,7.98
2023-10-26,L5300,P2,1898,1830,4.67,4.84
2025-03-02,L4571,P4,1674,1641,3.61,4.72
2023-10-12,L1062,P3,549,482,5.18,6.16
2025-02-17,L5088,P3,1862,1835,7.8,8.53
2024-01-29,L8579,P3,154,86,3.63,3.37
2024-07-23,L5638,P1,1366,1382,3.09,2.96
2024-09-01,L3527,P4,1704,1709,2.91,3.57
2023-10-14,L2160,P2,549,513,6.48,6.35
2024-04-18,L6961,P2,120,159,6.32,6.82
2024-08-18,L3342,P8,1357,1362,1.84,3.56
2024-12-01,L1722,P2,1678,1586,3.82,5.48
2025-01-25,L3414,P2,1633,1570,6.68,6.76
2025-05-29,L9166,P4,1453,1412,2.98,3.46
2023-08-03,L8807,P2,169,162,3.3,3.24
2024-09-26,L4808,P4,481,446,2.59,3.56
2024-06-07,L1227,P2,393,403,2.83,4.11
2025-01-11,L1822,P10,1420,1439,5.13,6.53
2023-09-06,L4226,P9,174,209,7.55,9.52
2025-05-10,L8853,P1,499,480,1.93,2.33
2025-02-23,L2430,P2,1915,1823,6.69,8.04
2024-12-12,L8705,P10,1803,1837,6.88,8.82
2024-06-18,L8892,P1,865,820,3.46,4.31
2024-07-05,L2485,P8,116,61,6.07,6.41
2024-01-15,L6888,P8,1440,1485,4.78,6.48
2024-11-24,L6967,P2,1074,1002,1.49,3.01
2023-12-26,L4438,P1,1193,1135,7.01,7.83
2024-06-18,L7257,P1,1992,2003,4.66,4.64
2024-06-24,L6238,P8,222,182,1.45,2.32
2024-05-12,L3864,P4,1696,1660,1.02,1.33
2024-07-17,L4709,P8,878,847,6.45,6.68
2024-09-23,L7537,P4,1961,1932,3.84,5.64
2024-10-09,L5955,P2,1581,1620,1.07,2.11
2025-04-06,L9513,P1,111,42,4.2,5.86
2024-11-06,L8932,P9,985,1004,4.76,6.51
2024-07-22,L6454,P4,482,494,7.62,8.26
2023-08-22,L8537,P3,1175,1187,3.6,4.75
2024-05-13,L8280,P3,606,604,1.01,1.28
2024-05-25,L4476,P8,601,537,7.07,7.76
2025-04-01,L8262,P3,1469,1424,5.25,5.16
2024-03-07,L7874,P2,1180,1196,1.38,2.64
2023-06-15,L7293,P10,1379,1283,4.97,6.28
2024-01-29,L7884,P4,1502,1470,6.14,7.11
2024-02-16,L8950,P4,793,824,2.22,4.14
2025-02-05,L5876,P1,1172,1121,4.96,6.57
2023-07-17,L1252,P8,1717,1624,2.1,2.12
2024-08-31,L7314,P3,1471,1376,6.06,7.78
2024-12-09,L3419,P9,540,558,6.54,8.17
2024-02-02,L9153,P1,1400,1443,5.22,4.75
2023-12-24,L6982,P9,612,621,5.15,5.62
2024-05-25,L5795,P8,1920,1866,1.64,2.12
2024-03-10,L4288,P2,1336,1356,3.76,4.25
2024-03-09,L6140,P2,1257,1228,7.41,7.56
2024-04-24,L8056,P2,1432,1443,1.93,1.71
2023-11-15,L8680,P1,1770,1690,1.47,2.83
2023-10-26,L7775,P9,1598,1612,7.29,8.19
2023-11-09,L7660,P9,326,287,6.9,6.59
2025-04-28,L8221,P8,1740,1772,2.67,2.91
2024-09-12,L9858,P10,164,188,7.99,9.59
2023-11-11,L9907,P4,1186,1173,6.03,6.33
2024-01-23,L2389,P1,749,729,3.63,4.63
2024-09-10,L5309,P4,1242,1175,2.57,3.86
2024-12-16,L3439,P1,395,394,7.9,7.97
2023-09-22,L9677,P4,1558,1464,4.24,5.56
2025-04-25,L7474,P3,1182,1231,1.84,3.29
2024-09-08,L3554,P10,777,799,7.73,9.55
2025-01-04,L4838,P10,1249,1269,4.85,6.23
2024-07-26,L9273,P4,1309,1271,2.9,4.18
2024-09-25,L8037,P9,348,347,2.07,2.95
2025-01-14,L2615,P9,1711,1643,6.39,7.82
2023-08-25,L2923,P3,1920,1907,4.05,3.66
2025-05-15,L8515,P1,1190,1179,1.88,3.83
2024-12-15,L7955,P10,1569,1587,3.9,5.66
2024-06-13,L4086,P3,408,453,4.8,4.72
2024-05-05,L8442,P10,1052,1020,6.18,7.48
2023-07-21,L3921,P1,778,817,2.98,2.95
2024-05-05,L2352,P9,1727,1732,1.79,3.75
2024-12-12,L2051,P4,1678,1610,1.68,2.46
2024-11-18,L5569,P2,782,726,4.23,4.02
2024-04-10,L6476,P10,577,546,1.61,3.23
2024-01-20,L6591,P10,636,637,6.78,6.98
2025-02-08,L9343,P3,1219,1127,5.62,6.44
2023-10-21,L6858,P9,100,131,3.01,2.6
2025-03-12,L4394,P2,1670,1635,5.34,7.17
2025-01-12,L7902,P4,412,337,4.76,5.61
2024-12-23,L4454,P3,665,676,2.93,2.81
2024-06-18,L5658,P10,458,426,5.81,6.42
2023-08-13,L8745,P10,114,83,5.04,6.79
2025-02-19,L2033,P8,401,451,2.7,3.06
2023-09-05,L5243,P2,1347,1286,2.86,2.38
2023-07-18,L1056,P1,100,128,7.36,7.62
2023-07-31,L3487,P2,677,708,3.79,4.8
2024-03-04,L5805,P2,268,281,7.19,7.52
2025-01-05,L4929,P8,285,205,1.28,2.69
2025-05-10,L1754,P8,1724,1673,2.92,2.95
2024-12-19,L3445,P1,1084,1116,7.44,8.41
2024-03-22,L5148,P8,388,294,6.24,7.41
2024-07-10,L8924,P8,689,682,3.25,5.14
2024-12-01,L6069,P1,1196,1184,6.12,6.66
2025-05-24,L3248,P8,1163,1140,7.47,9.3
2024-05-29,L8334,P10,1796,1702,3.98,3.76
2024-12-20,L4140,P1,149,72,2.68,2.52
2024-12-23,L9875,P2,754,662,1.84,2.02
2023-12-31,L4790,P2,1954,1912,4.66,5.14
2024-12-09,L5833,P8,135,64,5.03,5.89
2024-06-06,L7739,P3,1085,1024,4.43,5.98
2025-05-25,L1238,P3,1920,1901,3.49,3.78
2024-08-05,L7205,P4,1220,1204,6.66,6.49
2024-10-27,L2823,P2,1645,1618,2.35,4.03
2024-11-22,L4866,P1,1050,1052,1.08,1.27
2025-03-20,L1116,P1,793,698,6.15,6.92
2024-08-11,L2785,P1,1811,1811,7.43,6.93
2024-01-16,L4459,P8,1216,1202,5.26,5.07
2024-09-03,L7102,P9,1157,1202,6.93,7.25
2025-05-13,L8908,P10,588,625,2.41,3.0
2023-11-13,L2135,P3,266,276,4.93,4.73
2024-09-21,L8786,P4,824,766,2.6,3.52
2024-07-29,L9249,P8,1739,1762,2.32,2.19
2023-08-20,L5175,P9,202,212,2.52,2.3
2023-12-06,L3514,P10,390,343,4.87,5.58
2024-05-23,L2426,P3,460,471,1.8,1.58
2025-05-27,L2338,P2,117,142,3.72,4.82
2024-11-02,L7029,P4,1963,1882,6.74,6.88
2024-01-26,L6622,P2,302,287,1.18,1.63
2023-09-08,L6517,P3,411,432,7.22,6.75
2023-10-11,L6788,P8,424,336,3.52,4.56
2023-09-24,L3758,P8,1275,1199,3.97,5.3
2025-05-04,L6109,P1,178,157,2.33,4.0
2024-10-14,L8293,P9,1410,1383,1.03,2.49
2024-09-24,L3594,P10,304,236,7.35,8.91
2024-04-30,L6126,P4,340,385,7.37,7.44
2024-08-28,L9070,P1,1271,1178,3.38,5.35
2024-06-25,L1011,P9,1994,1913,7.91,8.9
2024-04-07,L8291,P9,1871,1815,6.35,6.17
2024-02-10,L6917,P4,1231,1131,5.15,5.16
2024-02-05,L4438,P1,1944,1986,3.43,4.09
2024-01-17,L1055,P3,386,338,4.43,4.89
2024-02-26,L5057,P3,605,537,2.05,1.77
2025-02-07,L3886,P9,1449,1457,4.34,5.54
2023-11-21,L9506,P1,294,204,5.48,5.43
2024-11-04,L8933,P8,1970,1936,2.38,4.19
2024-04-11,L9261,P2,1504,1446,4.55,4.89
2024-08-06,L7904,P2,1548,1475,5.35,5.71
2024-03-13,L4801,P9,530,478,7.27,8.29
2024-06-13,L3752,P10,1447,1448,2.5,3.9
2025-05-25,L1282,P1,479,486,6.36,5.94
2024-01-16,L3398,P2,1828,1854,5.52,6.97
2025-04-18,L2211,P1,1050,1004,4.63,5.45
2025-02-19,L5650,P4,1428,1431,2.28,3.95
2023-08-18,L7939,P10,1550,1529,2.13,3.51
2024-11-30,L2309,P8,1455,1499,5.49,6.9
2024-11-30,L2168,P1,978,972,2.79,2.4
2024-05-26,L7609,P2,1387,1339,6.31,7.66
2023-09-28,L6587,P1,1850,1867,6.61,6.59
2025-02-08,L7596,P10,1588,1617,4.5,5.23
2024-10-12,L5369,P1,1613,1611,5.05,6.5
2023-08-11,L4862,P2,474,466,1.08,0.95
2024-06-29,L9459,P3,1970,1957,5.79,7.73
2023-07-04,L3307,P3,490,473,3.23,3.31
2024-08-24,L9802,P9,1185,1147,1.54,1.64
2024-08-09,L2439,P8,1749,1711,3.13,3.51
2023-12-29,L9268,P2,304,290,1.51,2.56
2023-10-19,L8522,P9,1071,981,1.34,3.08
2024-09-22,L9023,P10,1129,1034,6.24,7.9
2024-04-02,L7850,P8,1026,1014,7.36,9.18
2024-03-29,L1397,P3,479,436,6.02,7.22
2023-10-07,L9979,P2,183,183,5.84,6.87
2024-07-10,L2208,P3,1849,1852,6.43,7.58
2023-07-15,L5143,P8,1897,1811,5.42,6.1
2023-08-04,L8678,P2,1919,1965,7.93,9.43
2024-07-08,L8455,P4,1977,1965,1.02,2.09
2025-01-02,L3028,P10,1592,1492,3.51,4.03
2024-11-30,L1850,P4,202,162,4.49,5.66
2024-11-21,L1920,P9,382,425,2.38,3.73
2024-12-13,L4864,P1,1667,1672,4.7,5.0
2024-04-28,L9659,P1,1083,1083,1.53,1.36
2024-06-29,L3905,P9,1361,1327,7.8,8.67
2025-03-08,L1730,P1,1367,1359,7.26,7.94
2024-07-08,L9301,P8,908,869,3.11,3.33
2024-11-06,L4651,P4,165,82,6.85,7.05
2025-03-18,L9402,P4,907,954,3.21,4.14
2024-09-06,L8452,P3,1644,1603,7.41,8.62
2025-03-27,L5295,P8,1901,1923,3.58,3.95
2024-12-28,L6546,P8,234,256,4.03,4.17
2024-04-01,L9749,P1,540,503,6.82,7.17
2025-03-24,L3804,P2,1724,1686,3.47,3.63
2025-04-10,L5775,P2,1358,1326,3.82,4.32
2024-01-01,L6307,P4,1877,1778,2.58,4.48
2025-01-11,L7420,P3,1734,1721,2.3,3.81
2024-08-27,L8655,P10,406,379,5.31,6.46
2024-04-24,L1115,P4,1632,1627,4.29,3.99
2024-09-25,L2136,P8,1765,1711,5.35,5.46
2024-12-25,L2852,P1,128,81,6.58,6.56
2023-10-06,L2958,P9,906,913,3.76,3.81
2025-01-13,L5921,P10,329,315,5.05,5.03
2023-08-26,L8689,P8,1701,1750,1.41,2.97
2024-07-02,L7553,P4,1762,1679,5.61,6.37
2024-09-29,L2304,P2,1939,1855,4.11,4.91
2024-07-07,L3809,P10,1338,1247,5.33,4.91
2024-12-23,L7351,P10,1058,985,2.0,3.75
2024-06-20,L7707,P4,257,281,2.11,1.62
2024-08-21,L5056,P10,283,218,7.32,8.32
2023-08-05,L3631,P3,1751,1767,6.87,6.56
2024-08-07,L8370,P3,1740,1704,1.07,2.67
2023-07-31,L5697,P2,1970,1886,5.57,5.82
2024-05-19,L4607,P2,1763,1732,5.54,6.52
2023-08-30,L3143,P10,742,765,7.63,8.78
2024-01-02,L7169,P3,1229,1170,6.17,7.89
2025-05-04,L3829,P9,1485,1466,4.2,5.82
2023-06-18,L4470,P9,420,412,6.42,6.88
2024-08-17,L2097,P9,1895,1872,4.32,4.74
2023-11-15,L8228,P8,816,767,5.95,7.08
2025-05-21,L8202,P3,1924,1969,6.39,7.55
2023-07-02,L5796,P10,976,968,6.16,7.89
2023-10-08,L3715,P9,250,221,7.18,8.53
2024-07-04,L3151,P2,1907,1818,1.24,1.01
2024-01-16,L7784,P1,118,44,1.05,1.82
2025-03-08,L8115,P4,1730,1701,4.82,4.72
2024-12-24,L4263,P2,1548,1458,6.79,8.08
2023-12-19,L7146,P3,1292,1223,1.62,1.99
2024-03-19,L3915,P10,350,373,2.99,3.56
2025-03-08,L7080,P3,1781,1778,6.05,5.95
2025-03-15,L2855,P3,212,161,4.78,4.89
2023-07-22,L9577,P9,182,112,2.04,1.95
2023-08-29,L6694,P4,933,870,5.12,5.45
2025-03-07,L5262,P8,1494,1476,4.45,4.66
2024-09-12,L8409,P3,747,708,1.34,1.06
2025-01-28,L6564,P3,546,487,7.23,6.77
2025-03-30,L8163,P10,1622,1636,3.67,4.93
2025-03-30,L5945,P3,1001,967,2.34,3.82
2025-01-08,L9433,P4,1299,1235,1.61,1.14
2024-04-19,L5201,P3,825,856,1.8,2.0
2024-11-08,L7715,P2,1176,1142,7.75,9.34
2023-10-27,L7972,P10,1650,1616,1.41,1.01
2024-12-21,L7952,P3,172,197,1.16,1.68
2025-02-26,L5842,P9,877,795,6.15,7.02
2024-12-30,L5333,P10,1302,1224,2.79,2.96
2024-01-04,L4087,P3,425,397,1.49,1.32
2025-04-26,L8383,P3,1076,1112,1.34,2.64
2024-03-31,L5354,P8,418,400,5.5,7.49
2024-10-20,L3988,P8,1976,1912,3.46,5.37
2024-09-06,L8938,P1,204,192,7.96,8.42
2024-07-22,L4721,P4,339,239,1.78,1.71
2025-04-03,L7286,P8,993,916,6.01,7.0
2024-09-02,L6618,P4,358,405,2.81,4.18
2023-09-05,L1267,P9,621,536,4.11,6.1
2024-09-06,L8182,P8,342,268,2.53,3.09
2024-08-26,L4865,P8,1622,1605,4.76,6.56
2023-07-17,L5427,P4,1969,2009,1.55,3.11
2023-08-06,L3210,P3,126,117,5.96,7.84
2025-05-17,L6953,P10,1629,1613,2.05,1.71
2024-04-18,L6635,P10,1996,1968,2.01,1.62
2025-04-18,L1416,P1,1788,1825,3.38,4.64
2023-09-06,L8057,P9,183,193,4.21,6.1
2025-02-07,L3779,P2,1056,990,6.27,6.33
2025-01-28,L1155,P10,1002,943,3.06,4.04
2023-06-24,L2340,P4,666,589,3.54,3.04
2025-04-06,L4584,P3,1546,1573,3.97,4.52
2023-09-24,L1207,P8,1189,1108,2.68,4.04
2024-03-16,L2015,P2,1182,1104,2.03,2.13
2023-10-25,L8293,P8,1916,1912,7.86,8.76
2024-01-21,L8845,P3,1266,1235,2.09,3.65
2023-11-25,L7890,P1,738,673,5.0,6.34
2023-07-19,L6367,P2,416,322,5.15,6.36
2024-02-19,L5308,P1,1359,1319,5.9,5.45
2025-01-24,L9593,P10,125,34,3.53,4.71
2024-01-17,L7165,P2,1787,1794,5.45,5.27
2023-12-21,L1505,P3,1243,1147,2.02,2.92
2023-09-08,L4517,P1,1574,1574,7.5,8.1
2024-03-26,L1215,P3,1327,1374,7.03,6.71
2023-09-16,L4352,P1,1499,1424,1.29,0.93
2024-09-04,L8856,P4,1092,996,2.99,3.58
2024-02-18,L4998,P9,494,425,1.72,1.36
2023-07-20,L2298,P9,484,477,5.25,7.24
2025-03-08,L4854,P10,701,746,1.77,1.65
2024-07-03,L6255,P8,1080,980,6.07,6.63
2024-09-24,L2322,P9,1030,1057,1.35,1.21
2023-08-08,L2414,P9,1486,1516,4.56,4.56
2024-03-21,L6604,P9,950,959,1.71,2.67
2024-10-03,L5809,P4,603,524,6.98,7.93
2024-04-26,L1146,P2,1151,1146,3.25,3.7
2024-10-07,L9252,P4,744,773,3.03,2.56
2024-06-16,L6227,P4,1503,1453,7.89,9.77
2024-11-29,L8559,P10,890,898,3.21,3.47
2023-09-17,L1492,P3,868,852,4.89,4.79
2024-12-23,L9371,P4,1605,1643,5.52,6.84
2023-07-10,L2275,P2,324,324,5.87,7.68
2023-12-16,L4739,P3,814,747,3.64,5.33
2023-08-27,L6024,P9,1484,1459,6.73,8.31
2025-03-11,L8174,P8,1709,1680,7.34,9.0
2024-04-23,L9939,P1,519,479,6.41,8.33
2023-11-21,L4954,P8,763,707,7.4,8.2
2023-07-07,L6468,P8,1129,1147,3.42,3.86
2024-06-05,L7297,P2,1804,1796,1.29,2.9
2023-12-26,L9819,P9,1503,1449,7.72,7.4
2023-10-08,L6254,P2,848,843,7.27,8.74
2023-10-28,L9593,P1,431,359,6.43,7.51
2023-07-02,L9118,P3,332,330,5.96,7.57
2024-07-25,L9945,P9,812,721,4.83,5.27
2023-09-15,L6839,P2,252,206,2.97,3.63
2024-10-20,L5385,P8,640,670,4.03,3.8
2023-08-13,L7619,P4,1616,1595,3.92,5.65
2023-12-15,L6414,P1,528,458,3.81,4.64
2024-10-18,L4357,P1,1582,1593,3.91,4.1
2024-01-10,L6327,P9,1371,1325,5.02,4.69
2023-07-19,L4836,P4,1566,1597,5.52,6.88
2025-01-22,L5280,P1,1832,1850,5.67,6.78
2023-12-07,L8463,P10,332,290,3.03,3.48
2024-02-12,L8849,P9,1995,1943,4.28,3.81
2023-09-17,L2492,P10,1407,1379,7.56,7.58
2024-05-12,L5793,P9,566,606,2.49,3.68
2025-01-06,L5815,P8,1460,1364,7.23,8.27
2024-05-25,L4012,P10,536,565,3.65,4.08
2023-08-10,L8334,P9,868,897,3.93,5.77
2025-02-02,L5734,P1,1910,1876,6.36,6.57
2023-06-22,L4797,P10,1660,1708,1.08,0.76
2024-08-11,L5158,P9,592,633,6.21,6.71
2024-01-04,L4687,P8,1697,1681,6.5,7.47
2024-07-08,L7733,P3,876,790,3.6,3.42
2023-09-23,L1710,P3,933,883,5.49,5.28
2024-09-14,L8820,P9,340,362,4.83,4.51
2023-12-14,L4936,P1,1277,1235,5.28,6.91
2023-11-27,L3350,P2,1587,1602,7.24,8.2
2024-07-31,L3584,P8,1118,1135,5.3,6.62
2024-02-14,L2063,P4,1086,1115,7.47,8.41
2024-12-03,L4395,P9,1217,1202,5.45,6.94
2024-01-25,L7983,P8,898,886,3.38,4.43
2025-05-24,L8183,P4,344,299,6.8,8.27
2024-01-03,L5823,P2,1267,1201,1.65,3.17
2024-11-23,L2671,P2,1240,1175,7.74,7.71
2023-09-30,L7597,P3,1500,1424,4.81,4.6
2024-08-10,L1491,P4,621,548,5.05,6.05
2023-09-21,L5750,P4,1347,1298,5.02,5.24
2025-05-28,L4153,P10,1377,1328,1.42,1.62
2023-11-07,L3654,P2,1608,1522,3.39,4.3
2024-08-24,L8752,P1,803,808,5.4,6.14
2025-02-10,L3539,P4,1108,1026,5.04,5.55
2023-09-23,L9295,P2,231,207,4.42,4.43
2024-09-07,L1367,P8,129,67,2.33,1.94
2023-10-31,L7602,P2,1856,1800,1.93,2.99
2025-01-06,L4468,P3,1491,1440,2.03,2.06
2024-07-15,L8707,P3,1894,1895,2.98,4.01
2024-05-10,L9715,P2,1338,1347,1.79,1.36
2025-05-31,L8997,P9,343,389,6.53,7.91
2023-08-01,L3421,P4,240,208,3.83,5.76
2023-09-18,L9707,P2,1873,1882,5.93,6.07
2025-01-09,L1521,P4,1617,1575,4.63,6.34
2025-04-15,L5203,P4,1974,1986,2.61,4.27
2023-10-10,L4255,P9,795,840,6.21,7.83
2025-02-26,L8250,P9,1135,1174,7.56,7.25
2023-12-31,L9756,P9,1421,1348,7.79,9.26
2024-08-04,L6198,P1,984,936,5.13,5.65
2025-03-16,L9936,P1,1719,1758,6.56,8.44
2024-09-13,L6144,P9,1840,1751,5.33,5.06
2024-11-30,L8068,P4,1125,1160,7.79,7.6
2024-02-09,L9785,P8,1882,1798,3.68,4.56
2023-09-28,L4061,P1,1643,1596,6.96,7.65
2024-10-18,L5036,P3,1912,1885,4.48,5.19
2024-09-06,L2468,P3,1024,986,3.25,3.16
2024-05-26,L6895,P9,490,539,3.62,4.76
2025-02-27,L5045,P3,1675,1681,7.5,7.14
2025-02-05,L4835,P10,201,211,2.36,2.32
2023-06-29,L3327,P10,1956,1930,4.56,4.67
2023-12-05,L5843,P10,1907,1822,4.66,4.36
2023-08-08,L5266,P4,1880,1822,5.62,6.59
2023-11-20,L6389,P1,342,375,4.43,6.41
2023-08-08,L9954,P10,1997,1909,1.44,1.8
2023-12-19,L6822,P1,1329,1288,5.87,5.97
2024-09-07,L6355,P3,373,353,6.25,6.38
2024-04-26,L3327,P1,1438,1469,6.8,7.99
2024-12-23,L2242,P3,1836,1750,3.69,4.42
2024-07-18,L7920,P3,1957,1928,6.56,6.9
2023-10-13,L6986,P2,1943,1870,2.46,4.11
2025-05-28,L2025,P10,1194,1219,2.82,3.52
2024-01-25,L5622,P10,133,101,1.19,1.06
2025-01-18,L9325,P8,1230,1188,5.41,5.91
2024-11-19,L7239,P3,1963,1938,4.45,6.07
2024-12-10,L9706,P9,237,175,6.5,6.29
2024-01-16,L1281,P10,1540,1460,5.26,5.04
2024-10-15,L6151,P1,1058,1001,5.76,5.68
2024-12-04,L2620,P10,1037,1060,2.33,3.57
2023-07-17,L1004,P3,286,270,5.77,7.6
2024-03-11,L2747,P10,202,223,5.41,5.35
2023-08-04,L5748,P4,1701,1745,6.48,6.86
2024-02-28,L3514,P1,1681,1717,1.5,2.59
2024-03-22,L8548,P3,1197,1197,2.68,4.13
2024-07-26,L1489,P3,930,908,3.53,3.81
2023-07-01,L1456,P2,375,324,6.19,7.35
2024-02-02,L9224,P4,1822,1730,5.62,7.36
2024-03-22,L8836,P9,1844,1781,1.82,3.73
2023-11-23,L3625,P3,1074,989,5.45,5.65
2024-10-28,L9385,P9,1368,1343,3.54,3.86
2024-12-12,L2308,P8,432,414,4.54,6.06
2024-06-18,L6259,P2,890,912,4.36,4.1
2023-08-13,L2164,P4,837,756,2.22,1.77
2023-07-21,L9958,P9,1948,1929,4.42,5.08
2023-10-09,L4380,P9,192,146,1.49,1.59
2023-09-25,L5878,P4,110,117,7.3,6.84
2025-04-10,L5310,P10,573,497,6.19,7.27
2024-07-18,L3906,P1,1507,1545,7.98,8.86
2023-11-23,L8413,P10,891,882,3.45,5.26
2024-05-30,L6448,P1,1840,1816,7.44,7.88
2025-04-30,L3310,P8,206,235,5.96,5.76
2023-11-15,L1488,P3,1518,1491,4.95,6.23
2024-02-01,L9526,P10,162,85,1.37,2.96
2024-01-15,L3934,P8,241,287,7.87,8.89
2023-10-11,L9727,P9,1401,1336,5.76,7.48
2024-05-07,L8874,P1,808,731,3.19,3.21
2025-04-10,L1086,P9,1358,1269,3.26,3.71
2023-12-19,L3872,P4,556,458,5.92,7.49
2024-05-08,L2710,P4,773,766,7.85,9.23
2023-12-15,L7774,P8,1006,953,3.13,3.63
2024-09-20,L8912,P2,1783,1808,2.58,3.24
2024-12-12,L9289,P4,1112,1022,5.54,5.64
2025-01-30,L9468,P10,886,838,6.01,6.87
2024-02-10,L4840,P10,1539,1524,4.31,5.68
2024-07-01,L1547,P4,872,912,6.87,7.78
2023-12-01,L5875,P3,341,374,2.6,3.72
2024-12-29,L3172,P4,1748,1748,4.76,5.13
2025-03-05,L5339,P3,1702,1612,4.78,6.71
2024-08-23,L7884,P3,147,145,7.25,7.0
2024-03-01,L3144,P3,1287,1209,3.43,4.4
2023-10-01,L3969,P2,914,956,2.74,3.67
2025-01-04,L8128,P2,1671,1608,7.16,7.23
2024-10-02,L4323,P9,267,304,6.35,7.79
2023-08-12,L9407,P1,945,906,6.54,8.14
2024-08-14,L6565,P8,1570,1607,1.19,2.64
2023-10-17,L2720,P4,1680,1685,6.44,7.5
2023-09-15,L4535,P9,806,710,2.87,4.16
2024-05-17,L2196,P8,720,670,4.82,5.1
2023-12-04,L9243,P4,743,697,5.61,7.11
2025-03-08,L5537,P3,1581,1489,7.7,7.5
2024-04-09,L5447,P3,175,184,5.87,7.73
2023-08-01,L1019,P2,495,461,2.97,3.95
2023-10-31,L5054,P4,192,192,2.67,2.63
2025-05-28,L2501,P9,1890,1835,4.24,4.8
2023-12-25,L4032,P8,945,932,5.77,7.67
2024-01-11,L4614,P9,1946,1863,6.37,5.94
2024-10-13,L3373,P4,1546,1523,6.56,6.58
2024-12-08,L5037,P2,1412,1427,7.46,8.38
2024-09-17,L4800,P1,1200,1177,2.0,2.98
2025-04-04,L8666,P1,1968,1991,7.38,8.42
2024-11-27,L4805,P2,257,274,7.26,8.87
2024-07-31,L4700,P3,1098,1028,1.17,0.86
2024-04-21,L8975,P8,1847,1844,7.0,6.53
2024-03-03,L8180,P9,580,618,6.42,6.53
2023-12-27,L3426,P2,857,787,3.21,4.18
2023-06-15,L3465,P8,277,255,5.87,7.29
2024-09-29,L2433,P1,198,141,5.72,7.25
2024-01-31,L1511,P9,980,917,1.71,3.18
2024-02-25,L6063,P9,1752,1770,3.88,4.21
2023-10-29,L7330,P8,975,875,2.33,2.76
2025-04-03,L7444,P4,179,189,1.77,1.93
2025-01-04,L3375,P9,176,127,6.36,7.87
2025-05-30,L7883,P1,199,236,1.33,2.66
2023-11-30,L7684,P9,691,684,6.53,8.41
2023-09-15,L2357,P10,488,452,3.39,3.59
2023-12-28,L9165,P4,897,945,4.2,5.62
2025-03-22,L5405,P4,538,570,2.71,3.37
2025-02-24,L7269,P3,1849,1762,6.38,6.93
2024-07-18,L3687,P9,1176,1154,4.66,6.18
2025-05-01,L3782,P10,925,828,7.94,7.73
2024-10-12,L7603,P2,636,553,4.3,3.97
2024-09-24,L6709,P3,1393,1364,3.13,5.06
2025-03-11,L1249,P8,1455,1484,5.07,6.81
2023-07-21,L7688,P4,412,412,3.87,5.62
2025-02-14,L3974,P8,306,336,4.85,4.53
2023-07-20,L3473,P4,953,954,3.26,3.79
2024-12-04,L8531,P4,1154,1082,2.19,3.69
2024-05-31,L8917,P3,165,146,1.1,2.59
2023-10-18,L1469,P1,1450,1439,2.16,2.1
2023-11-19,L6259,P4,251,207,2.81,4.33
2025-03-10,L7748,P9,543,512,6.7,8.24
2024-08-23,L7196,P8,881,852,5.78,6.6
2023-08-17,L1760,P3,272,253,7.5,8.75
2023-11-08,L6583,P1,328,377,6.42,6.88
2023-08-11,L9456,P8,1104,1016,6.16,6.29
2025-04-23,L6409,P2,576,601,5.44,6.54
2023-08-27,L1161,P1,1431,1398,3.81,5.21
2024-08-12,L9216,P4,243,173,7.14,7.97
2024-09-09,L1590,P4,1558,1596,4.08,4.51
2024-01-20,L8857,P4,949,858,3.69,5.19
2024-06-25,L8770,P1,1348,1358,4.22,4.1
2024-11-25,L4753,P2,130,81,6.53,8.35
2023-08-02,L9130,P2,1811,1735,7.2,7.56
2024-09-07,L2353,P4,1665,1619,2.74,4.28
2025-01-14,L8276,P8,207,170,1.05,1.76
2024-03-27,L5016,P3,1916,1871,2.11,3.73
2024-07-14,L2859,P4,360,288,3.43,4.69
2024-08-05,L6358,P9,1644,1667,6.96,8.49
2023-10-19,L5718,P1,266,273,4.72,4.78
2024-01-24,L1247,P10,1859,1841,4.54,4.14
2023-10-24,L5243,P9,517,430,2.62,4.03
2024-05-02,L8505,P3,1097,1059,5.26,5.7
2025-04-29,L8981,P4,1218,1219,2.27,3.92
2025-05-10,L6219,P2,1953,1992,4.94,6.88
2024-05-03,L2999,P3,1532,1562,6.93,8.04
2025-02-28,L7718,P4,1045,1039,2.6,2.25
2024-12-24,L2445,P2,1878,1914,6.51,8.2
2025-02-28,L9247,P2,897,823,3.1,4.03
2023-07-19,L1595,P4,180,205,5.56,7.05
2025-04-22,L7003,P4,662,695,1.64,3.31
2024-02-03,L3290,P9,785,724,1.93,2.73
2023-07-15,L6212,P4,1067,1092,4.45,4.84
2024-04-03,L8082,P3,1462,1490,5.27,6.13
2024-01-17,L6331,P10,723,722,3.66,5.28
2025-01-19,L7654,P4,117,107,2.16,3.09
2023-10-17,L8459,P3,678,719,6.37,7.44
2024-03-21,L1390,P2,1613,1619,1.8,2.99
2023-08-07,L7597,P8,1327,1286,3.99,3.52
2024-06-18,L5487,P2,522,551,1.04,2.76
2025-02-13,L4239,P10,190,192,2.7,3.36
2024-05-14,L5053,P1,551,600,4.98,6.19
2024-07-14,L7443,P4,1913,1855,5.03,6.57
2024-04-25,L7163,P4,501,478,5.43,5.96
2024-05-05,L8661,P3,323,290,6.04,6.67
2024-01-14,L9415,P9,298,332,1.61,2.87
2023-07-01,L6267,P2,1794,1739,4.66,4.27
2024-03-02,L3391,P8,1179,1182,2.97,3.0
2025-05-15,L5018,P2,444,348,4.79,5.11
2024-11-10,L8815,P1,239,189,2.48,3.52
2025-02-18,L1692,P3,421,352,5.67,6.63
2023-10-15,L9237,P10,1834,1764,6.27,5.93
2024-02-25,L4935,P4,1542,1592,5.58,6.63
2024-03-05,L1676,P9,885,900,6.72,6.96
2025-04-12,L1582,P10,1828,1863,1.72,3.66
2024-08-23,L7124,P8,1313,1275,7.36,8.88
2023-07-11,L5207,P8,949,961,2.06,1.87
2023-06-29,L2804,P3,1916,1931,6.53,7.93
2024-01-22,L6437,P4,1286,1312,4.66,4.45
2025-01-22,L5217,P3,154,75,7.71,7.66
2025-05-24,L2702,P10,1435,1409,2.43,2.38
2024-02-09,L4738,P8,242,282,7.92,9.66
2023-09-15,L3050,P2,1054,1066,3.54,4.44
2024-01-11,L2571,P4,1452,1442,1.42,1.55
2025-01-18,L4064,P8,1193,1183,4.66,5.69
2024-01-15,L9354,P1,725,703,6.52,7.65
2024-06-04,L8474,P4,320,334,6.06,6.82
2024-09-23,L8081,P9,562,556,6.9,8.36
2025-03-30,L3861,P4,1367,1411,5.23,5.54
2024-04-17,L6218,P4,250,247,2.98,4.69
2023-09-04,L5593,P1,725,666,4.19,4.27
2024-09-17,L6742,P8,1901,1882,2.94,3.99
2025-03-12,L8454,P3,1771,1730,2.29,3.57
2023-09-18,L6782,P1,563,560,6.06,5.62
2024-11-25,L8261,P9,811,774,1.91,3.17
2023-06-15,L5487,P8,1077,1061,3.53,4.17
2024-11-28,L5909,P2,420,436,6.22,7.48
2024-01-01,L3808,P10,1881,1864,1.85,3.32
2025-05-08,L7962,P1,855,876,3.67,5.36
2023-12-15,L6856,P9,421,470,6.84,7.15
2023-08-15,L1500,P2,828,861,2.79,3.19
2024-11-03,L1183,P2,223,193,4.62,5.43
2023-09-04,L8705,P1,1609,1654,6.9,6.78
2024-08-04,L8003,P3,640,654,1.83,3.53
2024-09-19,L4421,P3,796,814,4.1,5.53
2023-11-22,L6126,P4,808,771,4.71,5.68
2025-05-04,L1528,P10,1458,1448,5.5,5.13
2023-08-07,L4160,P1,511,430,6.85,7.83
2025-02-19,L3483,P4,966,910,4.67,6.46
2024-06-25,L9118,P4,1229,1166,2.3,3.88
2023-08-17,L1077,P2,1170,1177,4.6,5.07
2023-10-27,L3102,P8,599,585,5.47,5.4
2023-11-20,L5566,P9,714,707,4.09,4.08
2025-02-16,L4233,P2,1320,1329,7.11,7.8
2024-04-06,L4322,P2,604,627,3.75,5.15
2024-08-25,L7482,P4,1037,1027,4.65,4.8
2025-03-11,L6680,P1,1610,1543,6.06,7.71
2025-04-01,L5319,P4,1811,1770,4.62,5.21
2025-04-29,L2457,P3,1148,1087,4.05,4.81
2024-06-12,L2407,P2,1308,1221,2.12,3.48
2024-04-25,L1478,P1,1129,1037,5.08,5.31
2024-06-08,L2343,P8,1110,1040,7.63,7.4
2023-07-07,L1204,P4,1687,1726,2.34,3.59
2025-02-06,L2642,P2,571,613,2.27,3.08
2024-11-16,L9331,P10,1470,1482,1.86,3.51
2025-02-18,L8917,P9,789,827,3.82,4.14
2024-05-28,L9557,P10,548,543,1.46,2.08
2024-05-17,L4282,P9,744,723,7.48,8.49
2024-03-17,L2938,P8,136,89,4.94,4.63
2023-09-05,L3773,P8,1143,1179,3.51,4.92
2024-10-29,L5389,P8,615,608,5.63,7.32
2024-02-23,L8396,P8,1619,1650,7.34,8.48
2023-08-20,L3987,P10,885,930,4.73,5.07
2025-02-11,L2672,P10,1693,1604,3.5,3.98
2025-01-06,L8920,P2,113,65,3.41,4.12
2025-01-03,L5543,P9,658,590,1.3,2.28
2024-08-07,L5127,P10,681,668,5.87,5.81
2025-03-09,L4546,P10,760,727,6.35,7.52
2025-04-29,L4022,P2,384,285,4.6,5.29
2024-03-03,L6641,P3,898,832,2.5,3.71
2023-10-10,L4589,P9,1061,1074,5.71,6.29
2024-09-16,L6388,P9,939,979,2.14,2.13
2025-04-20,L1338,P8,814,829,1.77,2.32
2024-07-07,L9207,P9,1126,1046,6.27,6.88
2024-12-14,L6097,P2,603,642,2.29,2.35
2024-11-21,L7887,P2,634,640,5.71,6.42
2023-12-19,L1742,P4,1267,1251,7.29,8.87
2024-04-06,L4460,P3,1551,1492,2.2,3.12
2024-02-05,L3195,P2,1986,1981,1.04,0.93
2024-04-12,L9595,P10,374,312,1.85,1.54
2024-01-31,L7511,P8,1504,1486,1.75,1.99
2025-03-20,L5055,P4,600,619,6.7,8.62
2024-08-25,L1607,P10,794,811,6.37,7.31
2023-07-12,L9745,P3,691,715,5.09,6.22
2024-10-25,L9613,P8,1765,1781,5.39,5.2
2025-01-13,L6602,P1,1296,1264,1.3,3.11
2025-04-15,L4737,P2,1093,1032,5.63,6.85
2024-03-26,L9185,P9,1158,1174,5.14,5.11
2024-10-30,L8632,P3,1720,1655,5.68,5.61
2024-02-03,L3237,P3,439,433,6.65,7.06
2023-11-14,L3454,P4,1243,1277,5.57,5.26
2024-09-17,L2140,P10,300,271,6.26,5.76
2025-04-06,L3111,P9,1445,1447,4.02,4.95
2024-01-11,L5719,P10,1049,1050,4.64,4.71
2024-10-15,L8111,P1,1351,1284,3.62,3.49
2024-04-07,L4597,P10,854,879,2.36,2.58
2024-07-31,L2997,P8,1141,1116,1.84,3.57
2023-12-08,L9922,P4,405,326,5.58,7.55
2025-01-29,L7323,P4,1955,1991,2.87,4.39
2024-11-27,L9841,P9,1552,1525,2.99,3.24
2023-07-06,L8585,P3,1206,1169,5.31,6.36
2025-04-29,L1586,P9,724,691,6.77,6.49
2024-10-29,L9575,P3,1600,1589,2.12,3.43
2025-05-22,L9802,P3,211,156,4.64,6.22
2024-03-14,L1870,P10,962,984,7.43,7.29
2024-11-13,L7047,P4,337,361,6.15,7.26
2024-10-15,L4607,P4,1400,1362,4.19,4.32
2023-12-28,L6536,P9,179,177,7.3,6.89
2024-04-07,L8012,P9,402,392,7.83,8.59
2024-03-18,L9515,P10,659,607,5.91,5.71
2025-03-14,L4328,P10,583,496,6.79,7.15
2025-02-24,L5220,P8,1662,1582,7.67,8.26
2025-04-26,L9127,P4,470,490,3.37,4.37
2024-06-19,L3585,P3,1897,1851,3.58,4.07
2024-10-28,L9970,P10,1473,1405,6.4,7.86
2023-10-15,L3332,P9,454,504,6.13,6.34
2024-04-08,L7236,P4,235,219,6.11,7.68
2023-11-30,L3446,P9,1832,1748,2.09,1.76
2023-08-29,L5362,P9,1162,1151,5.16,6.74
2023-09-15,L1558,P9,1301,1345,1.92,2.23
2024-12-25,L9116,P3,1943,1851,1.71,2.78
2024-12-16,L2045,P10,1698,1670,4.4,5.29
2023-09-22,L7999,P9,305,207,2.45,3.67
2025-05-31,L7042,P2,463,461,7.46,8.35
2025-02-01,L8060,P9,1134,1093,5.21,4.77
2023-12-12,L5371,P1,1191,1162,2.22,2.29
2025-03-05,L1581,P9,432,436,4.36,5.57
2024-12-21,L1045,P9,1784,1801,5.92,7.5
2024-11-13,L3644,P2,539,536,5.12,7.05
2023-09-12,L1313,P4,847,839,1.82,2.27
2024-08-30,L9148,P2,881,875,4.84,5.42
2023-10-20,L5038,P2,1709,1702,1.4,2.37
2024-08-05,L3609,P2,712,722,6.69,7.24
2025-02-03,L5011,P3,1181,1156,4.61,5.83
2023-09-28,L4118,P1,1673,1669,6.7,6.62
2025-02-13,L8844,P8,771,802,4.92,4.49
2024-10-01,L1166,P10,549,545,7.82,8.04
2025-04-01,L6289,P3,205,164,3.84,5.33
2024-06-15,L5599,P4,259,172,3.51,4.02
2024-04-12,L9808,P4,485,504,7.59,8.94
2025-04-26,L1615,P4,653,600,6.98,8.19
2023-12-30,L4299,P3,376,298,4.73,5.37
2023-06-19,L4644,P8,654,622,6.43,6.44
2023-07-27,L5390,P4,773,767,7.3,8.37
2024-10-07,L3602,P3,1555,1545,6.65,7.47
2025-03-21,L7085,P1,1664,1638,4.53,4.2
2024-11-27,L7973,P9,921,957,3.08,2.7
2025-04-08,L1733,P10,286,330,4.61,4.26
2023-10-09,L1104,P4,1194,1214,1.89,3.64
2024-06-12,L8168,P3,186,86,5.86,7.15
2025-05-23,L7758,P9,1878,1821,1.97,3.88
2024-07-18,L6029,P3,1801,1782,5.03,6.93
2023-06-22,L9500,P8,601,551,4.21,4.29
2023-12-11,L3159,P1,139,58,4.66,6.65
2023-09-02,L1704,P2,1796,1769,5.85,6.44
2023-12-01,L4539,P9,1203,1198,7.43,9.18
2025-01-09,L1238,P9,1964,1892,2.71,3.8
2023-06-22,L6125,P2,1071,1107,7.79,7.77
2024-05-14,L7636,P2,1096,1047,5.36,5.95
2024-09-19,L7871,P8,233,182,4.58,4.8
2023-09-12,L1300,P10,392,330,6.96,8.08
2024-05-10,L8208,P9,1059,997,5.09,6.22
2023-11-02,L1230,P2,396,307,4.25,3.77
2023-12-29,L9614,P9,521,497,5.47,6.43
2025-05-11,L7255,P3,1192,1190,7.96,9.19
2024-05-17,L5509,P1,235,170,6.38,6.79
2024-06-19,L1516,P3,608,639,6.57,8.38
2023-08-22,L4928,P3,1933,1859,3.83,5.65
2024-01-06,L5535,P9,1334,1352,4.15,5.87
2023-08-08,L5053,P8,780,709,1.52,2.1
2023-10-02,L7628,P10,636,596,4.47,4.87
2023-10-24,L1088,P4,1035,951,5.16,6.47
2025-02-25,L3211,P2,858,903,1.84,2.57
2023-08-07,L1278,P9,1505,1524,1.89,2.55
2024-01-15,L3427,P9,1554,1525,6.03,6.43
2025-05-13,L1939,P4,1518,1465,5.55,7.5
2024-01-23,L8767,P3,169,187,2.99,3.48
2024-09-22,L9727,P1,1162,1179,2.5,2.33
2025-05-05,L8934,P3,1389,1334,7.82,9.72
2024-03-29,L6639,P3,901,942,4.7,5.06
2024-09-14,L7018,P2,1508,1469,6.47,7.67
2023-11-25,L5858,P1,337,328,3.15,4.51
2024-06-20,L7096,P10,1032,1046,4.75,5.61
2025-03-29,L9386,P9,1743,1761,2.6,3.06
2024-10-10,L6576,P10,1054,1090,4.8,6.61
2025-04-09,L3167,P10,410,405,3.83,3.47
2025-01-10,L8857,P1,1186,1092,6.85,8.67
2024-12-13,L1304,P10,1974,1958,2.22,3.52
2024-08-03,L9803,P8,413,373,7.91,8.75
2024-07-11,L4848,P1,1572,1577,2.52,3.93
2024-06-15,L5124,P9,1512,1508,5.92,7.6
2024-04-06,L2826,P1,1660,1636,7.35,7.22
2024-05-26,L2732,P4,668,613,5.4,7.28
2024-07-22,L6473,P4,297,200,5.81,7.18
2025-04-09,L5282,P4,1231,1279,5.9,7.58
2024-08-20,L4657,P1,834,742,6.08,7.59
2024-01-19,L2539,P9,635,578,2.6,3.28
2023-08-05,L8276,P1,1784,1805,2.44,2.86
2024-01-03,L2896,P1,1075,1023,4.05,5.46
2023-08-22,L1891,P4,731,641,1.65,1.33
2025-05-24,L7421,P9,273,218,3.32,4.89
2023-12-29,L9311,P2,1152,1195,1.34,2.46
2024-07-10,L2116,P10,433,429,2.49,3.39
2025-02-17,L7006,P4,919,938,4.72,4.24
2024-12-11,L9813,P10,206,158,7.91,9.6
2024-01-26,L1035,P10,1193,1153,1.53,2.26
2023-12-07,L6620,P1,1490,1418,6.35,7.38
2023-10-13,L3592,P4,1290,1291,5.33,5.67
2025-02-07,L3644,P9,1135,1146,7.16,7.76
2024-10-03,L5654,P10,991,909,4.64,4.35
2023-07-14,L5440,P3,1211,1242,4.14,5.55
2023-10-28,L1093,P4,816,768,6.25,6.63
2024-07-26,L4946,P1,1435,1478,6.15,8.14
2024-03-09,L9560,P3,863,908,7.1,8.23
2023-07-31,L9988,P8,633,615,7.38,7.9
2024-03-25,L7602,P10,711,735,6.53,7.47
2025-02-14,L1268,P3,137,134,6.99,6.63
2023-07-23,L7187,P3,1051,960,7.04,8.27
2024-04-30,L8172,P2,1136,1054,5.95,7.47
2025-05-15,L5150,P2,393,439,7.31,7.12
2024-01-09,L2371,P10,179,115,7.05,8.94
2025-04-05,L1268,P4,1206,1143,3.69,4.18
2024-10-08,L3080,P3,1382,1327,7.49,7.54
2023-06-24,L9558,P3,1725,1734,5.54,7.29
2025-04-25,L5510,P4,1141,1172,1.28,2.59
2024-10-01,L8603,P8,1673,1593,3.6,4.63
2024-07-05,L2870,P10,877,896,7.59,9.56
2024-01-01,L7151,P4,808,775,4.82,6.25
2023-07-29,L8768,P8,867,838,4.57,6.05
2023-07-21,L1304,P8,220,225,3.64,4.82
2024-01-17,L7275,P3,1472,1446,3.11,4.63
2024-09-30,L8864,P4,829,846,4.17,5.86
2023-11-29,L7887,P9,599,643,4.47,5.02
2024-10-12,L5645,P4,1792,1744,5.74,5.38
2023-11-15,L2618,P1,276,322,1.57,3.31
2024-11-07,L3348,P1,855,884,6.64,7.6
2023-10-06,L1460,P3,541,494,5.53,5.18
2023-07-18,L6369,P4,992,1024,7.37,9.14
2024-10-07,L1814,P4,1423,1366,2.05,3.51
2023-10-15,L5816,P1,732,677,7.98,9.24
2025-04-14,L7430,P2,1357,1275,1.36,2.85
2024-02-04,L9067,P2,1589,1521,1.08,0.89
2023-10-24,L2855,P8,1891,1843,3.8,5.63
2024-05-20,L2116,P2,1557,1469,5.58,7.13
2023-10-31,L2416,P9,940,951,3.12,4.26
2024-11-12,L6766,P3,1105,1146,2.03,1.78
2024-09-28,L9706,P2,1017,1026,7.82,7.54
2024-07-02,L5621,P3,524,545,1.17,2.67
2024-06-23,L3050,P3,606,616,4.12,4.83
2024-10-19,L1381,P8,1027,989,3.83,3.34
2023-11-23,L9318,P2,245,209,5.62,7.02
2024-04-11,L5934,P10,1999,1968,4.41,5.08
2025-01-04,L9128,P10,1400,1425,4.44,5.41
2023-06-17,L7087,P2,249,222,7.64,8.96
2025-01-15,L9168,P2,770,679,5.9,7.65
2025-04-15,L2102,P10,1407,1347,7.39,8.39
2024-09-07,L5314,P3,1524,1541,2.0,3.48
2024-03-20,L2370,P2,1049,995,7.08,6.94
2023-06-25,L4862,P9,269,194,7.77,9.34
2024-03-07,L5741,P9,906,910,6.88,7.58
2024-02-07,L8105,P4,1956,1972,4.91,4.82
2023-08-01,L7891,P10,1436,1440,5.63,6.03
2024-06-14,L8454,P3,295,224,7.18,7.83
2024-03-26,L9367,P1,512,481,4.95,6.87
2024-10-17,L6402,P3,791,702,5.39,5.41
2023-09-08,L4723,P2,1062,994,1.06,0.8
2025-05-15,L3076,P3,718,750,2.45,2.4
2025-01-21,L3635,P8,541,453,5.75,6.5
2025-04-11,L4379,P9,1131,1154,7.6,7.55
2023-12-19,L4624,P2,1636,1644,7.39,7.71
2024-07-14,L6544,P2,1285,1231,7.82,8.4
2023-06-22,L1759,P4,941,869,1.45,2.02
2024-01-19,L7099,P4,1947,1969,6.7,6.54
2023-11-28,L8286,P2,856,801,7.29,7.13
2024-10-18,L6232,P2,150,124,3.66,3.9
2024-05-29,L7750,P8,644,642,2.14,2.97
2025-02-12,L2310,P2,307,325,1.76,1.52
2025-05-31,L8845,P8,962,951,5.5,5.1
2023-09-09,L1091,P3,562,575,4.2,4.14
2023-12-09,L5573,P1,1469,1471,4.6,5.22
2024-03-23,L2266,P4,1767,1774,1.43,2.25
2025-05-23,L2177,P8,1724,1740,6.33,6.49
2025-03-10,L3586,P8,257,176,7.24,7.15
2024-09-26,L1851,P1,1484,1414,6.45,5.97
2023-11-11,L9785,P2,1403,1309,2.79,3.37
2023-12-23,L2445,P8,1152,1132,7.46,7.38
2023-12-14,L6919,P1,610,643,7.47,6.99
2024-08-09,L6569,P2,915,846,5.7,5.49
2025-03-06,L7878,P4,124,64,1.27,3.24
2024-04-16,L2523,P9,1613,1532,2.77,2.32
2024-09-17,L4886,P4,1960,1888,6.28,7.83
2023-11-30,L9059,P4,1593,1526,5.95,7.74
2023-12-13,L3979,P4,1356,1338,1.38,1.04
2025-05-17,L5327,P3,275,286,5.01,6.18
2023-10-16,L2194,P10,959,866,4.89,4.74
2025-01-29,L8511,P10,369,319,7.42,7.57
2025-01-17,L7467,P10,511,481,7.31,7.28
2024-08-09,L4746,P10,1257,1209,6.2,6.38
2023-10-21,L6335,P3,946,973,3.84,5.23
2023-11-02,L6457,P4,955,882,4.53,4.6
2024-04-21,L4384,P9,1362,1295,3.54,3.27
2023-11-03,L6276,P4,998,933,2.63,2.96
2023-12-20,L4962,P4,473,451,5.24,5.35
2025-04-10,L6690,P9,504,443,3.46,5.19
2024-01-01,L8066,P10,1886,1867,7.31,8.85
2023-11-27,L7574,P2,1156,1096,7.04,6.78
2023-11-11,L3353,P2,1507,1407,4.82,5.77
2025-03-13,L2027,P4,802,848,6.66,6.77
2024-01-13,L9868,P3,706,631,6.68,6.55
2024-03-08,L8392,P1,990,895,6.04,6.51
2025-02-04,L6870,P3,1837,1866,1.93,2.74
2024-04-28,L6341,P8,122,170,4.9,4.78
2023-12-09,L4221,P2,1919,1925,4.72,6.08
2023-09-18,L6954,P10,664,613,7.18,7.68
2024-01-16,L2782,P8,712,751,5.3,7.15
2024-09-07,L1759,P8,1633,1647,5.58,5.33
2023-07-31,L1354,P8,746,658,2.65,4.47
2024-02-23,L8513,P4,1054,1026,4.0,4.2
2024-06-30,L6444,P10,1725,1721,6.25,7.39
2024-08-02,L7460,P2,1397,1401,1.05,2.98
2023-12-11,L7939,P2,382,363,5.73,5.65
2023-12-26,L3701,P2,1191,1109,6.89,7.14
2024-01-18,L8317,P2,1828,1862,5.66,7.08
2024-10-22,L4610,P3,632,674,5.74,6.54
2024-03-01,L5679,P10,1190,1166,3.05,4.24
2023-10-15,L4966,P8,1431,1366,3.12,3.88
2024-11-29,L4893,P1,1309,1299,3.62,5.36
2025-04-11,L7045,P3,285,188,1.4,3.37
2024-07-12,L6014,P3,931,923,2.25,4.12
2024-08-06,L8994,P8,464,450,1.41,3.31
2025-02-12,L6677,P3,1665,1685,1.08,1.71
2025-02-16,L2872,P10,663,576,1.34,3.22
2024-07-05,L9047,P2,154,101,7.4,8.38
2024-02-23,L1479,P8,831,843,6.6,7.92
2024-09-05,L1931,P1,1926,1966,6.9,8.51
2024-11-21,L6014,P1,294,305,5.27,5.14
2025-03-05,L9595,P9,456,413,2.67,3.14
2025-03-12,L9697,P10,1799,1754,3.35,3.91
2024-08-06,L8119,P9,386,346,5.93,6.63
2025-03-21,L8024,P9,730,709,4.64,6.57
2023-08-11,L7176,P3,1002,942,5.75,5.92
2024-02-03,L4649,P8,1678,1600,1.72,1.43
2024-07-21,L4306,P8,1815,1755,5.85,5.35
2024-10-29,L6360,P1,215,165,6.15,5.67
2025-02-01,L3109,P4,603,536,2.3,4.27
2023-11-02,L4444,P3,1330,1239,2.75,2.29
2024-05-07,L7568,P8,1253,1252,7.34,7.57
2024-08-22,L5767,P1,1524,1448,3.59,4.9
2025-03-12,L7481,P9,1952,1929,4.45,4.36
2024-05-02,L3538,P8,170,158,6.93,7.5
2023-07-11,L4695,P1,288,199,6.1,5.86
2024-09-03,L8939,P8,1089,1030,4.38,4.35
2024-03-12,L2633,P3,913,860,2.06,2.47
2024-08-08,L1020,P9,466,435,4.69,5.47
2025-02-19,L1740,P1,1426,1374,4.26,4.71
2025-04-16,L1308,P1,1383,1361,6.3,7.94
2024-08-03,L7938,P9,1502,1438,5.29,6.55
2024-01-12,L5836,P2,811,714,3.26,4.96
2024-11-12,L1321,P1,428,391,6.78,8.04
2024-11-05,L1617,P4,1483,1405,6.88,6.69
2025-03-01,L1163,P2,1589,1539,7.14,8.27
2024-11-04,L8728,P2,468,371,5.27,6.1
2023-10-04,L7062,P8,776,791,7.06,8.78
2025-03-18,L5741,P3,970,984,6.67,8.13
2023-12-01,L5084,P4,803,807,6.15,6.05
2024-07-07,L8101,P9,1592,1616,6.47,7.74
2023-09-18,L6796,P3,1452,1410,2.03,2.65
2025-05-02,L9576,P10,1220,1150,1.36,3.28
2025-04-16,L7712,P4,969,907,7.87,8.87
2024-09-20,L6503,P10,388,417,7.99,7.8
2024-02-19,L7945,P8,1770,1676,3.68,3.97
2024-02-24,L3076,P2,1672,1586,3.37,4.97
2023-11-04,L5567,P3,308,267,3.48,3.08
2024-07-04,L2092,P2,1976,1970,1.8,3.57
2025-03-15,L4700,P2,286,214,3.36,4.62
2023-11-29,L7955,P1,1379,1421,4.93,6.69
2025-01-05,L9367,P2,420,354,2.13,1.89
2024-01-23,L8655,P10,1916,1878,6.18,6.18
2023-07-24,L3440,P2,1763,1763,3.32,4.3
2024-03-31,L5369,P3,932,969,2.47,2.02
2024-12-19,L8991,P8,1995,2033,1.63,1.4
2024-07-10,L6424,P3,1930,1953,7.51,8.75
2023-12-03,L4722,P4,1163,1120,3.67,3.35
2023-10-19,L4947,P4,118,86,7.11,7.23
2025-03-18,L3266,P9,1157,1184,4.24,3.81
2023-12-29,L4337,P2,679,702,5.46,6.12
2024-03-18,L6340,P8,1565,1604,3.84,4.77
2025-04-23,L7164,P8,507,446,2.58,3.67
2024-01-18,L3572,P10,1947,1927,6.13,6.36
2025-02-13,L3740,P4,608,598,6.34,6.21
2025-02-15,L8279,P3,1299,1213,7.49,8.54
2024-03-21,L4707,P9,1351,1315,3.24,4.77
2024-06-11,L3792,P9,1689,1654,6.61,8.11
2025-02-11,L9736,P4,1848,1879,7.84,7.78
2024-07-08,L7299,P10,955,934,3.17,5.05
2023-10-04,L4838,P8,1427,1332,8.0,8.71
2024-08-06,L9154,P9,1428,1353,4.3,6.05
2024-11-16,L6216,P2,375,403,4.54,6.43
2025-01-27,L1660,P4,2000,1929,5.57,5.88
2023-09-21,L7129,P2,1253,1221,5.05,6.71
2025-02-09,L6702,P4,1051,1035,5.73,7.46
2025-04-15,L6885,P10,1375,1360,6.68,6.21
2024-07-30,L7192,P10,1912,1904,5.02,4.78
2024-02-23,L3019,P3,1946,1932,7.65,9.47
2025-02-13,L4098,P1,1035,975,7.95,8.75
2023-06-29,L5904,P1,546,510,5.38,6.99
2024-07-31,L9841,P8,743,792,6.36,7.59
2024-04-23,L7558,P8,1558,1600,3.86,3.89
2023-11-11,L2859,P4,1624,1535,2.67,3.28
2024-08-26,L3779,P1,1550,1561,2.27,2.93
2024-04-13,L2727,P4,971,968,5.95,5.49
2024-12-19,L6198,P9,1878,1894,4.27,3.88
2025-02-19,L2723,P2,370,308,5.66,6.47
2024-09-13,L8939,P10,974,1018,6.44,7.39
2025-04-22,L1678,P1,1911,1843,6.79,6.95
2023-07-04,L2226,P3,1985,1900,2.28,3.25
2023-11-03,L5020,P1,1037,1004,7.55,8.63
2024-02-09,L3594,P8,1489,1474,3.75,3.59
2024-02-08,L7918,P1,1640,1544,4.96,5.33
2025-05-01,L8071,P9,766,731,1.38,2.52
2024-10-11,L3278,P10,904,888,3.94,5.15
2024-08-03,L6565,P10,1231,1197,3.7,5.56
2024-01-14,L9369,P9,1764,1705,5.6,6.24
2023-08-27,L9040,P2,1057,1105,1.95,3.45
2024-04-13,L5234,P2,1031,1008,2.31,3.85
2024-02-10,L3122,P3,509,533,1.15,1.42
2024-11-21,L8609,P10,100,42,6.28,5.87
2023-11-23,L9670,P10,1153,1096,7.76,9.53
2024-09-07,L3007,P3,645,572,4.22,4.18
2024-12-18,L1271,P3,768,692,1.69,2.8
2024-12-13,L7829,P2,889,817,4.63,5.64
2025-01-30,L6979,P3,1374,1293,3.01,4.78
2023-10-28,L4354,P1,644,589,1.53,1.5
2024-08-06,L7344,P1,1143,1144,3.71,5.34
2024-06-15,L5988,P4,1743,1768,1.5,2.88
2024-11-12,L1901,P9,1742,1649,2.53,2.76
2024-08-17,L3851,P9,1941,1847,6.12,6.17
2025-01-05,L6328,P2,1171,1096,4.2,6.02
2025-05-30,L6671,P9,1891,1814,6.52,6.97
2023-12-15,L1491,P9,1615,1608,6.43,7.99
2025-01-22,L8426,P2,191,155,6.6,8.05
2023-12-26,L9747,P8,239,176,4.4,5.61
2024-05-16,L7200,P10,486,463,7.56,7.12
2025-04-29,L3770,P9,625,639,3.49,3.63
2023-09-10,L9519,P2,1986,1965,6.23,8.09
2024-11-02,L1460,P9,1512,1443,3.92,5.58
2024-06-14,L9362,P2,1419,1416,2.82,3.95
2024-05-07,L8306,P9,1965,1995,1.58,1.95
2023-09-24,L6585,P2,1554,1522,2.63,4.19
2025-03-12,L1329,P1,434,446,3.71,3.89
2023-12-04,L1561,P8,793,699,4.93,4.82
2024-09-24,L8642,P8,1690,1702,4.26,5.34
2024-08-20,L2322,P8,1682,1602,6.26,6.37
2024-02-16,L2337,P9,1611,1624,3.48,4.49
2024-07-27,L7984,P4,1341,1350,2.76,3.81
2023-09-10,L7414,P3,1133,1092,7.05,7.92
2025-05-12,L3684,P2,1114,1089,3.54,4.2
2023-11-28,L9459,P2,1402,1387,7.52,9.23
2024-12-01,L3703,P3,897,891,7.9,9.48
2023-12-21,L3167,P4,905,843,7.72,7.9
2023-06-26,L9770,P10,889,878,3.63,5.62
2025-04-30,L9312,P3,470,503,1.22,2.18
2023-08-15,L6528,P3,163,173,2.3,3.73
2025-01-02,L3873,P3,1831,1744,1.66,1.51
2024-09-25,L5933,P8,1862,1821,2.53,3.07
2024-07-07,L2516,P8,398,407,4.26,4.81
2024-07-31,L6062,P3,786,810,5.37,6.9
2024-06-13,L3056,P10,1368,1339,4.53,6.04
2024-05-13,L2839,P1,1688,1653,3.69,5.34
2025-05-10,L7371,P9,654,689,7.45,9.17
2025-03-01,L1495,P2,438,352,6.69,6.21
2025-02-13,L8644,P4,609,653,1.83,2.33
2025-05-16,L8316,P9,1839,1865,1.36,1.89
2023-07-17,L6833,P3,957,917,7.56,9.14
2024-10-23,L1318,P1,1583,1557,2.48,3.51
2024-01-27,L7662,P2,615,658,5.51,6.14
2024-01-03,L7266,P2,1504,1436,6.7,8.7
2024-06-15,L8248,P4,117,24,5.72,5.76
2023-07-07,L3255,P9,1405,1416,4.38,6.32
2024-03-24,L7070,P8,304,340,4.03,6.03
2024-02-11,L5246,P1,720,663,5.64,6.63
2024-06-05,L5164,P10,1004,933,7.87,7.59
2025-04-27,L1417,P1,436,367,5.57,5.36
2023-12-27,L1783,P10,1622,1579,7.95,9.27
2024-11-24,L3069,P2,1879,1800,7.03,6.85
2024-09-17,L3424,P4,876,894,3.69,3.68
2023-07-03,L3313,P8,1167,1107,3.26,3.86
2023-10-02,L6315,P4,1704,1723,2.46,3.98
2023-11-04,L3679,P2,1657,1672,5.69,5.86
2024-11-23,L7670,P8,519,474,3.84,3.5
2024-06-21,L9998,P4,912,846,2.05,3.76
2025-02-26,L2565,P8,130,126,7.68,9.35
2024-07-23,L4640,P2,1022,1059,5.2,6.58
2025-01-18,L5076,P4,159,162,6.63,8.09
2023-09-22,L1060,P8,1582,1625,7.39,7.83
2024-10-11,L1524,P2,1810,1792,4.81,5.7
2025-02-28,L6542,P3,1263,1249,2.59,4.45
2023-07-24,L5249,P8,950,882,2.28,4.19
2024-02-05,L8410,P3,373,382,5.51,6.02
2023-11-24,L8472,P2,271,303,6.49,6.82
2025-05-26,L7864,P4,254,197,4.52,5.03
2024-12-16,L7282,P9,1455,1412,2.69,2.85
2024-12-07,L9489,P4,548,519,5.18,6.69
2024-03-12,L3894,P4,700,717,5.36,6.17
2025-03-16,L5720,P1,1297,1217,7.21,7.76
2023-11-27,L1111,P10,816,763,5.47,6.42
2024-03-28,L6621,P4,196,138,7.91,8.0
2025-02-28,L8482,P9,850,797,7.83,8.5
2025-02-02,L4482,P9,118,128,4.03,4.43
2023-07-07,L5052,P10,591,577,2.96,3.19
2025-02-10,L6217,P1,574,558,2.4,2.61
2024-05-24,L1503,P3,1267,1243,7.28,7.01
2024-10-12,L7513,P10,529,447,3.48,2.99
2025-05-17,L6012,P3,1062,981,2.55,3.36
2023-09-02,L1314,P8,1451,1390,1.49,3.43
2024-04-14,L1408,P9,1729,1661,1.66,3.05
2025-01-22,L2133,P1,615,516,4.32,4.91
2024-08-02,L5959,P1,579,575,4.9,4.75
2023-12-26,L5781,P1,1408,1452,7.14,8.11
2023-06-22,L6719,P9,1009,1052,1.67,3.01
2023-10-20,L5988,P4,317,290,2.72,2.67
2023-09-17,L8870,P1,938,965,3.61,4.82
2024-03-23,L2327,P3,831,751,5.01,6.62
2024-09-02,L2517,P9,744,705,7.38,7.88
2024-06-02,L1568,P3,969,938,2.27,3.96
2023-06-22,L8677,P9,1214,1211,7.67,7.31
2024-09-09,L9293,P8,630,562,4.91,4.97
2024-10-31,L5919,P9,1578,1479,1.61,1.41
2025-04-04,L7588,P10,108,91,2.16,3.41
2024-10-05,L4360,P2,1685,1714,7.56,7.18
2024-09-07,L8890,P1,125,83,6.73,7.54
2024-01-22,L5408,P9,1862,1874,5.04,6.32
2024-07-10,L3513,P2,1499,1431,3.73,4.15
2024-10-21,L1261,P3,1887,1914,7.28,7.81
2024-05-15,L9973,P3,1831,1828,3.93,4.54
2024-01-18,L7949,P1,1299,1290,6.93,7.54
2024-11-26,L9012,P3,1285,1284,5.63,6.19
2025-01-24,L3923,P3,234,268,3.2,3.05
2023-11-14,L2678,P4,1206,1153,6.31,7.3
2025-01-20,L5060,P4,1140,1110,7.57,8.82
2024-05-17,L6153,P8,280,301,4.5,4.32
2024-01-01,L7837,P10,714,760,2.45,2.45
2024-06-11,L4337,P9,1992,1975,6.68,7.56
2024-09-03,L6657,P8,465,467,5.66,5.19
2023-08-12,L5675,P10,146,176,5.29,6.65
2025-03-26,L7614,P8,1516,1463,4.7,4.28
2025-02-11,L3113,P3,1550,1564,4.3,4.13
2024-11-23,L4446,P9,491,507,2.78,4.1
2023-12-13,L6612,P8,209,214,1.64,3.19
2024-03-28,L5127,P4,1293,1208,4.45,6.39
2024-06-02,L6618,P9,258,204,5.17,5.49
2023-08-08,L2405,P4,1231,1218,1.9,3.78
2023-12-05,L4692,P10,1424,1472,4.49,5.62
2025-03-23,L1889,P8,1705,1701,6.87,8.75
2025-05-01,L9375,P10,475,454,4.35,5.81
2024-06-13,L3630,P1,1937,1846,2.4,4.11
2025-03-12,L1523,P10,1361,1337,4.7,4.83
2025-01-07,L1603,P1,1051,1062,6.15,8.04
2024-04-08,L5852,P4,380,284,3.82,4.49
2024-04-16,L9095,P1,951,857,4.47,6.29
2025-05-30,L6052,P8,1284,1214,2.11,2.0
2025-04-30,L8083,P1,117,139,3.05,4.58
2024-01-15,L4455,P3,716,616,6.81,6.99
2023-10-17,L9924,P1,1594,1592,7.28,8.0
2024-01-30,L8723,P3,315,292,3.16,5.06
2024-10-26,L6880,P1,169,197,4.25,5.4
2023-07-23,L4364,P2,965,923,7.11,8.53
2024-04-15,L7619,P2,920,950,3.97,5.6
2024-03-20,L1809,P8,1791,1710,2.93,2.64
2024-09-25,L2232,P4,1329,1328,4.61,6.27
2024-03-26,L9466,P8,330,282,3.91,3.75
2024-12-21,L2044,P10,540,541,6.22,5.76
2024-07-28,L2215,P8,1897,1804,5.54,7.23
2024-02-24,L7077,P4,379,413,7.11,7.2
2024-07-22,L8657,P4,1819,1785,5.49,7.29
2023-12-27,L4057,P8,1855,1788,3.33,4.35
2024-03-16,L5894,P10,786,734,3.79,3.99
2024-03-04,L2565,P10,216,174,7.59,9.42
2023-12-10,L8096,P4,1221,1219,2.09,2.18
2024-02-21,L7933,P1,924,845,5.59,6.99
2024-01-06,L1091,P1,112,155,7.81,9.35
2024-01-26,L4456,P4,1952,1995,7.07,6.82
2024-05-30,L4804,P3,538,586,5.83,5.39
2024-06-17,L6902,P3,1317,1272,4.56,4.38
2024-05-03,L2232,P1,1836,1826,4.52,4.57
2024-01-31,L2084,P9,197,102,6.53,7.78
2025-03-25,L3915,P2,535,531,5.49,6.14
2023-06-29,L5932,P2,988,963,6.45,8.39
2024-05-13,L1899,P2,1508,1423,5.78,6.87
2025-01-25,L7287,P3,1640,1565,4.05,4.72
2025-03-04,L7429,P10,1411,1377,3.52,5.1
2025-02-22,L4561,P3,1443,1444,4.77,6.37
2023-11-10,L2854,P9,200,212,2.8,3.6
2024-01-06,L6938,P9,1823,1762,1.14,2.35
2023-06-24,L7540,P8,651,562,3.95,3.65
2024-03-04,L4931,P10,1952,1874,2.34,3.52
2023-10-03,L3225,P9,1463,1472,1.8,3.7
2024-10-08,L4134,P2,1155,1129,1.19,2.78
2024-11-06,L6151,P3,1630,1539,5.99,6.3
2024-06-22,L1386,P9,817,850,4.95,5.22
2023-10-28,L2509,P9,1498,1461,5.62,6.63
2024-08-10,L3999,P3,796,844,4.38,5.93
2024-03-02,L4793,P4,756,745,3.31,5.2
2024-02-27,L3258,P2,343,270,3.4,5.38
2025-01-08,L1888,P4,629,596,5.88,5.39
2023-11-01,L8620,P4,1531,1446,4.46,6.41
2024-07-27,L2897,P1,1326,1373,2.85,3.91
2023-09-23,L8029,P10,528,439,3.76,3.66
2025-04-15,L1725,P2,1132,1071,3.2,4.39
2024-01-17,L4491,P3,1199,1116,6.92,7.67
2023-08-30,L9114,P10,1770,1782,1.77,2.05
2024-08-24,L4553,P2,1372,1354,7.44,7.9
2025-04-15,L5014,P8,515,490,6.1,7.73
2025-02-03,L5710,P8,271,302,1.36,2.93
2023-10-06,L7042,P10,1880,1868,2.95,3.17
2023-09-20,L5212,P8,139,180,5.53,5.13
2024-05-26,L5147,P9,1580,1549,6.51,8.29
2024-11-06,L2378,P9,661,682,7.84,9.77
2023-07-25,L1803,P4,932,887,7.15,7.94
2024-09-07,L9533,P1,1351,1362,4.78,5.54
2024-12-06,L1061,P4,1141,1131,7.61,8.71
2025-05-16,L6469,P8,1768,1792,3.7,5.07
2023-12-24,L3168,P10,1139,1173,6.0,6.45
2023-08-26,L9671,P2,1871,1861,2.67,3.14
2024-12-18,L4533,P2,824,834,2.47,3.33
2025-01-27,L2666,P10,414,438,4.5,4.91
2023-08-29,L7034,P2,270,189,4.41,5.49
2024-07-14,L2360,P10,663,622,5.35,4.9
2023-11-22,L4279,P2,1216,1240,2.57,2.58
2024-11-01,L3216,P1,1802,1746,7.95,9.89
2023-08-13,L2107,P9,241,245,1.38,3.34
2025-01-07,L7119,P2,797,812,4.13,5.67
2025-02-17,L4577,P2,1931,1858,3.53,3.14
2023-09-16,L9782,P3,684,645,5.17,6.93
2024-08-12,L6505,P1,1159,1070,3.29,3.85
2024-07-15,L6512,P4,560,577,2.23,2.23
2025-05-20,L6268,P1,1599,1552,6.72,6.24
2024-07-17,L5439,P2,1149,1094,5.94,6.45
2024-10-18,L7598,P9,127,45,6.2,6.88
2023-11-06,L1978,P1,211,210,3.91,3.8
2024-10-25,L7913,P4,793,751,2.02,2.25
2024-09-29,L8300,P10,986,956,1.48,1.52
2024-04-16,L7819,P2,1848,1816,1.78,2.84
2024-07-26,L1016,P8,1869,1823,2.78,3.93
2024-07-15,L3166,P10,1657,1636,3.51,3.28
2025-05-23,L3347,P8,135,110,6.07,5.71
2023-12-13,L4419,P10,320,286,1.07,2.2
2024-10-10,L6154,P2,870,830,7.68,9.02
2025-05-12,L3899,P1,1782,1830,4.3,4.98
2024-04-02,L3022,P2,510,493,2.54,2.6
2024-02-19,L8832,P10,431,348,2.93,3.82
2025-03-19,L3424,P10,1566,1581,2.63,3.92
2024-07-30,L4330,P9,628,569,5.07,6.46
2024-12-09,L9616,P4,1429,1347,5.35,6.65
2023-12-16,L4942,P2,495,510,4.17,6.01
2024-11-10,L4768,P8,1094,1121,4.26,5.67
2023-12-25,L4100,P4,1054,1006,2.79,4.03
2023-12-27,L5727,P10,740,658,1.78,3.22
2025-02-19,L4787,P10,1286,1250,1.39,1.58
2023-12-17,L6105,P9,374,333,1.06,2.64
2023-08-24,L1058,P2,243,228,4.14,4.46
2024-10-18,L7862,P8,1770,1795,6.57,7.62
2024-12-31,L2203,P9,1508,1558,7.62,7.85
2024-03-09,L5938,P3,1303,1205,6.01,6.68
2024-02-08,L5131,P3,1048,1045,5.14,6.22
2025-01-21,L9087,P2,1888,1911,3.16,4.28
2023-09-27,L7181,P4,535,452,3.27,4.44
2023-12-04,L2106,P3,598,578,6.64,7.92
2024-03-04,L3458,P9,1860,1763,5.39,6.52
2024-12-24,L6143,P9,1042,1061,2.17,3.8
2023-07-22,L3159,P2,1424,1365,5.3,6.8
2024-09-20,L9763,P2,481,480,2.96,3.17
2025-04-18,L2510,P3,793,778,3.22,5.03
2024-08-28,L2154,P1,149,190,3.82,5.62
2024-12-21,L3846,P1,1218,1179,2.2,2.2
2024-12-31,L3217,P8,957,919,2.64,2.66
2023-08-30,L3757,P9,900,823,6.48,7.57
2024-06-15,L9411,P3,575,607,1.75,3.68
2024-06-16,L4767,P8,1533,1457,6.89,6.92
2025-01-29,L9614,P10,1293,1308,7.43,8.36
2024-03-02,L2572,P4,1180,1083,5.25,4.81
2023-08-02,L3043,P8,1266,1316,6.12,7.36
2023-06-27,L1146,P9,1028,1031,7.94,8.94
2025-04-26,L8920,P8,293,218,5.17,6.73
2025-01-14,L4911,P4,1642,1572,4.66,5.61
2024-06-23,L2963,P8,1428,1380,4.93,5.33
2025-02-07,L6848,P3,135,126,2.21,3.56
2023-06-17,L2411,P2,1432,1468,5.37,4.91
2024-12-12,L8710,P10,1039,1026,6.68,8.19
2024-05-20,L9432,P8,1980,1939,3.2,3.68
2024-08-02,L7444,P4,440,422,4.16,5.81
2023-10-20,L6276,P10,598,505,7.35,9.17
2024-03-17,L3734,P10,1045,1048,3.22,2.97
2023-08-04,L8427,P10,787,716,2.6,2.98
2024-02-22,L7511,P4,1489,1460,6.56,6.2
2023-12-22,L6412,P1,964,880,3.83,4.97
2023-07-29,L8700,P10,471,391,3.37,3.67
2023-08-08,L5889,P10,1358,1264,2.13,2.08
2024-01-04,L6694,P1,1187,1110,7.29,9.25
2025-04-12,L6631,P8,998,954,3.69,3.67
2025-02-09,L7958,P2,267,183,1.59,2.56
2024-12-20,L9494,P3,958,961,2.69,4.22
2025-03-17,L4032,P8,1065,1024,7.73,7.88
2024-02-05,L6605,P1,1724,1699,7.96,8.46
2024-07-26,L9975,P8,580,535,6.13,5.96
2025-04-29,L2989,P4,293,269,7.45,8.86
2025-01-07,L7424,P8,1768,1745,5.17,5.38
2024-04-21,L9251,P10,740,746,2.71,4.5
2025-03-06,L3279,P3,755,738,7.32,7.68
2023-08-18,L1145,P4,315,289,6.14,6.23
2024-05-26,L4666,P4,963,942,3.65,5.17
2024-02-20,L9633,P8,109,124,2.78,3.94
2024-09-16,L2442,P1,1102,1079,7.07,7.6
2023-06-25,L1571,P2,1513,1491,7.45,9.33
2024-07-20,L7061,P4,1883,1928,1.23,3.03
2024-12-04,L7030,P2,1392,1300,7.13,6.72
2024-01-08,L9172,P10,1566,1484,1.8,3.25
2024-08-23,L6576,P1,433,420,5.78,6.58
2023-09-15,L3505,P8,200,201,5.99,6.39
2024-08-16,L8973,P2,472,491,5.94,6.91
2024-05-13,L8520,P1,457,470,5.22,7.11
2024-02-19,L1196,P8,558,463,4.83,5.64
2025-01-06,L7920,P2,899,925,6.11,6.71
2025-01-23,L7787,P8,1818,1776,4.41,4.04
2024-07-06,L3283,P2,564,504,3.8,4.13
2025-03-09,L8208,P9,953,853,3.2,2.98
2023-10-17,L3096,P4,990,1030,4.2,6.02
2025-01-22,L9881,P10,698,701,7.63,9.35
2025-01-12,L3497,P1,1913,1917,1.42,1.3
2023-10-22,L2021,P8,1297,1285,3.26,5.11
2023-11-10,L9363,P9,1894,1907,5.21,6.87
2024-02-29,L9019,P8,1799,1801,6.26,7.83
2025-03-10,L2427,P3,1049,993,6.08,7.16
2023-12-04,L3263,P9,1041,967,2.1,3.94
2024-12-18,L8861,P2,689,645,5.25,7.03
2023-08-13,L2203,P8,128,75,2.73,4.34
2024-11-12,L7670,P2,1420,1406,7.52,7.82
2025-01-04,L7197,P3,1401,1329,7.65,7.54
2023-06-28,L5992,P9,1386,1392,3.0,3.18
2023-10-06,L4756,P9,766,801,5.64,7.64
2024-11-05,L4161,P10,1382,1398,6.94,8.59
2024-03-31,L3953,P8,1845,1891,5.87,5.44
2024-03-15,L5516,P4,1883,1822,5.96,5.92
2025-02-21,L3193,P4,1361,1342,2.22,2.17
2025-01-27,L6050,P1,1285,1305,2.8,3.03
2025-05-29,L8963,P3,1651,1685,3.98,4.32
2025-04-08,L2942,P2,426,374,6.54,8.01
2024-02-17,L4255,P10,584,538,6.84,7.5
2024-05-02,L7754,P9,114,130,6.67,6.79
2023-11-05,L8238,P10,1736,1680,4.44,4.1
2024-08-22,L1542,P1,214,259,5.64,5.8
2024-02-29,L6277,P1,1327,1260,1.17,3.04
2025-03-27,L8452,P3,168,177,2.19,2.99
2024-09-01,L7312,P4,1910,1884,1.27,1.98
2023-11-21,L3558,P1,1202,1168,6.92,7.47
2025-02-21,L2485,P2,1289,1189,4.04,4.96
2024-01-12,L6604,P1,1485,1478,6.28,8.24
2025-02-17,L2270,P3,717,659,3.68,5.42
2024-02-26,L2731,P3,972,959,7.93,7.46
2023-11-20,L7725,P10,170,116,1.28,3.17
2023-08-17,L2020,P10,1429,1462,5.85,7.37
2023-11-19,L9963,P9,1587,1576,3.63,3.98
2025-01-25,L5512,P9,1746,1659,4.15,5.68
2025-02-26,L3982,P1,1371,1328,5.96,7.94
2024-02-11,L4611,P10,1271,1210,7.38,8.21
2024-07-01,L8384,P1,1993,1929,5.43,5.36
2024-02-25,L6111,P9,575,508,2.18,2.66
2024-02-19,L4348,P8,1120,1040,5.93,5.78
2025-04-09,L6804,P1,265,272,4.77,6.71
2024-12-20,L5057,P9,1192,1131,6.27,7.95
2023-12-15,L7273,P10,1244,1242,6.16,6.35
2023-07-15,L9184,P3,1329,1257,4.81,6.41
2024-04-29,L8824,P4,1469,1389,3.12,3.93
2024-05-20,L2501,P9,138,141,5.67,5.42
2025-03-02,L5946,P1,480,438,4.4,5.37
2024-02-15,L7664,P8,1203,1172,4.78,5.64
2025-01-12,L7964,P4,409,385,7.89,9.0
2024-09-20,L9976,P1,1854,1795,2.87,4.61
2024-03-16,L5643,P4,420,371,4.69,4.3
2023-11-07,L5051,P8,733,679,2.46,2.31
2023-07-12,L8977,P3,489,471,3.79,4.71
2024-06-02,L1420,P3,1385,1350,5.67,7.17
2024-04-25,L7830,P10,834,827,5.13,6.66
2025-05-17,L9597,P4,1973,1968,5.54,7.2
2025-03-10,L2673,P3,930,844,6.96,8.0
2024-07-29,L3620,P3,728,697,5.5,6.53
2023-10-22,L4163,P3,1070,1012,6.15,7.15
2025-03-19,L8813,P2,1425,1473,4.25,5.78
2025-04-20,L5039,P9,1287,1223,6.45,7.39
2024-11-04,L1807,P3,1828,1774,7.33,9.28
2023-11-11,L2320,P4,1136,1167,4.54,6.53
2024-12-10,L8908,P8,1537,1541,2.02,2.92
2024-10-09,L4678,P1,1340,1250,4.56,5.53
2024-06-23,L7818,P4,498,519,2.19,3.82
2023-12-26,L7554,P9,727,705,4.51,5.98
2024-07-19,L1408,P2,1585,1494,1.3,2.5
2024-06-27,L8961,P9,1719,1745,5.93,5.86
2024-09-05,L1641,P10,1073,1038,5.86,7.35
2025-03-11,L1820,P8,985,1035,1.12,1.94
2025-01-07,L9161,P9,849,813,4.53,4.88
2024-09-10,L1372,P10,914,900,5.03,7.03
2024-12-07,L5240,P2,860,868,3.48,5.11
2024-08-12,L4830,P4,1984,1916,6.64,6.15
2025-03-13,L9018,P2,468,372,7.59,9.45
2023-10-13,L3915,P8,561,482,6.21,6.55
2023-11-16,L8915,P9,516,518,4.35,6.29
2024-08-11,L5722,P10,564,541,3.82,4.41
2023-08-02,L1715,P10,832,845,3.67,3.18
2024-07-04,L9933,P3,389,433,7.03,8.02
2024-01-15,L9224,P1,583,589,1.13,1.1
2025-04-14,L2704,P1,1730,1632,6.94,6.48
2024-10-19,L7594,P1,1973,1987,4.6,4.32
2023-12-14,L3307,P3,1046,1011,3.55,4.65
2023-11-07,L7531,P8,1068,1079,2.27,2.94
2025-01-05,L2898,P10,1320,1226,3.12,2.85
2024-07-16,L7620,P10,1128,1057,1.07,2.16
2024-05-17,L2466,P10,1545,1500,4.74,5.72
2025-03-05,L9105,P9,341,360,1.11,0.99
2024-08-24,L8158,P9,144,111,5.44,5.44
2025-04-21,L3769,P4,447,378,7.67,9.18
2024-02-18,L6305,P8,139,95,2.52,4.17
2024-08-21,L7934,P8,1971,1875,2.84,4.8
2025-01-30,L9539,P2,1879,1804,7.57,9.16
2024-09-28,L4840,P9,836,808,4.31,5.93
2024-01-04,L3753,P3,1137,1168,1.67,2.78
2024-07-26,L1894,P4,758,754,4.19,6.0
2024-12-27,L4631,P8,791,780,7.8,8.46
2023-11-28,L1057,P4,1919,1851,6.81,7.19
2024-10-26,L3582,P1,1861,1814,1.63,2.17
2024-04-12,L6898,P1,231,212,6.24,8.23
2024-10-24,L3232,P10,1405,1326,4.92,5.6
2025-04-11,L2777,P9,1171,1089,2.49,2.43
2023-10-22,L5734,P4,941,873,3.42,4.38
2024-02-20,L8221,P8,531,510,6.85,7.16
2024-08-18,L4275,P8,1137,1079,4.12,5.68
2025-03-20,L4934,P3,830,878,3.07,3.9
2023-10-11,L7517,P2,237,193,6.37,7.91
2024-04-23,L8987,P4,693,675,7.49,9.04
2023-11-02,L2680,P8,301,213,6.67,7.13
2023-10-06,L3918,P2,513,487,2.43,2.52
2023-10-21,L5023,P9,211,242,4.65,4.35
2025-03-14,L8700,P10,1072,974,5.52,5.51
2024-01-19,L5490,P9,1466,1450,4.58,5.37
2024-02-28,L8704,P9,155,62,1.04,0.62
2024-07-02,L5510,P10,415,323,7.45,8.52
2024-03-03,L5905,P9,905,875,3.64,4.54
2025-04-04,L5481,P10,1888,1855,2.25,2.64
2023-10-11,L8544,P10,396,354,7.78,9.68
2024-03-12,L7539,P2,1175,1161,1.25,1.1
2023-10-05,L4908,P1,575,529,1.63,2.92
2023-06-23,L1537,P8,1493,1449,2.5,3.4
2024-05-21,L6764,P8,904,826,5.66,6.95
2024-10-05,L7974,P1,320,362,6.63,6.29
2025-01-30,L9411,P2,950,892,7.95,8.24
2024-03-30,L7079,P2,1863,1779,6.78,8.39
2025-01-10,L7790,P9,840,767,6.32,6.66
2024-03-27,L2083,P4,1419,1379,5.79,6.24
2023-08-11,L3127,P8,1497,1532,4.58,5.98
2024-07-25,L2521,P10,1489,1420,5.84,7.01
2025-02-02,L4074,P8,1538,1559,1.72,2.52
2024-11-07,L9340,P9,844,822,2.24,3.51
2024-03-26,L8721,P2,656,675,2.78,3.18
2024-02-04,L3310,P4,1591,1550,2.65,4.25
2024-05-02,L9187,P10,586,503,1.15,1.15
2023-10-22,L7859,P8,1121,1067,1.86,2.49
2025-01-21,L4739,P2,373,376,6.54,6.58
2024-05-08,L3159,P4,1063,1047,4.57,4.74
2024-09-24,L7340,P4,1364,1280,2.61,2.9
2023-07-05,L5882,P2,340,292,6.87,6.58
2025-02-11,L4001,P8,1958,1916,5.39,5.56
2023-06-23,L4572,P4,104,67,2.65,4.59
2025-03-07,L1401,P8,1991,1910,1.7,1.81
2025-05-11,L4632,P4,1151,1144,7.98,9.32
2024-01-20,L9230,P3,879,854,6.3,6.76
2024-12-13,L3108,P8,675,577,6.92,8.63
2025-01-31,L8616,P10,1342,1319,5.53,7.47
2024-03-24,L7259,P2,1678,1639,2.85,3.5
2023-07-18,L6602,P10,720,711,5.81,5.95
2025-03-02,L1868,P3,1499,1521,6.33,8.03
2024-11-03,L6816,P10,860,838,1.88,2.85
2023-08-07,L6115,P3,998,961,6.67,7.25
2024-08-30,L5946,P3,1389,1379,4.97,4.95
2023-12-02,L3344,P8,168,176,3.51,4.28
2024-03-13,L8593,P10,932,861,6.45,6.39
2024-08-01,L6912,P8,182,149,6.61,6.37
2025-03-13,L5993,P2,151,93,6.8,6.48
2023-07-11,L9648,P8,1318,1251,3.53,3.78
2024-08-31,L6030,P1,125,128,6.54,6.39
2025-02-05,L1834,P1,109,81,6.73,7.4
2023-07-15,L4947,P9,1378,1412,6.84,6.77
2024-01-11,L9927,P9,1678,1648,5.94,5.86
2023-06-29,L3771,P8,415,386,7.24,7.07
2024-05-08,L2935,P8,2000,1977,7.4,8.42
2025-05-14,L4990,P1,1832,1823,3.11,4.56
2023-09-06,L5421,P9,1042,1016,1.17,2.63
2024-07-04,L2955,P2,1446,1351,1.78,3.27
2023-07-29,L2670,P4,653,636,5.25,4.96
2025-03-31,L2081,P3,1808,1791,7.02,7.39
2025-04-04,L1000,P1,952,902,1.05,0.55
2023-12-16,L3915,P4,1083,1017,3.18,4.04
2024-09-29,L6723,P4,1816,1764,2.29,3.25
2024-07-15,L4674,P2,307,357,4.12,4.0
2025-03-05,L9369,P10,1552,1551,4.74,4.69
2025-01-05,L2566,P4,826,751,4.09,5.02
2024-02-14,L4978,P2,1630,1591,6.11,7.51
2024-05-12,L2651,P10,658,614,2.75,2.37
2025-03-22,L5145,P2,218,201,3.8,4.7
2025-03-06,L1109,P10,1221,1267,2.71,3.99
2024-04-03,L4201,P1,1764,1781,4.26,4.04
2025-05-02,L5272,P3,1830,1846,6.93,7.25
2025-02-24,L4495,P1,1230,1193,2.53,3.05
2023-09-25,L4614,P9,1149,1133,4.33,5.21
2024-12-13,L1048,P10,707,723,4.37,4.08
2024-02-02,L5627,P4,1742,1711,5.33,7.01
2024-01-19,L3160,P9,700,616,7.6,8.54
2024-12-10,L2479,P8,1770,1747,6.06,7.42
2024-03-06,L8484,P9,1124,1034,6.67,6.81
2025-02-01,L2628,P4,605,650,3.55,4.06
2023-07-02,L4853,P8,1949,1885,4.29,5.53
2023-10-22,L4288,P9,1696,1676,3.96,4.17
2023-07-10,L7316,P1,1502,1413,7.49,8.07
2024-11-26,L2361,P10,1222,1270,7.55,7.28
2024-05-17,L2851,P4,563,497,6.82,6.74
2024-11-20,L6110,P9,215,195,2.38,3.68
2024-08-29,L7516,P2,917,832,2.27,3.58
2025-03-23,L4421,P1,503,497,5.41,5.88
2025-03-06,L5741,P1,1132,1117,2.63,3.11
2025-04-20,L1481,P9,1341,1371,4.82,4.85
2024-03-31,L3451,P9,1596,1544,3.16,3.0
2025-02-11,L1184,P8,1037,962,1.54,2.76
2023-10-13,L6919,P4,931,933,3.7,3.34
2023-09-30,L3424,P4,146,174,7.87,7.95
2023-08-01,L4693,P9,105,85,6.54,7.42
2024-09-16,L7827,P9,459,467,4.07,3.93
2024-03-19,L8016,P1,349,340,2.26,4.04
2024-09-19,L4343,P8,347,266,7.94,9.15
2024-05-13,L1442,P9,1360,1319,1.92,3.46
2024-05-31,L2171,P9,1255,1255,4.26,3.89
2024-08-11,L5457,P2,1188,1133,3.35,4.53
2024-12-18,L8425,P10,132,36,2.34,2.2
2025-03-09,L3049,P4,765,723,3.33,3.54
2023-12-05,L8105,P3,807,831,5.48,6.08
2023-07-25,L2566,P3,113,133,2.5,3.02
2025-03-19,L1752,P10,896,944,4.46,4.33
2024-09-07,L9054,P4,288,229,6.51,6.55
2024-11-24,L7293,P9,986,972,5.79,6.82
2024-08-08,L8051,P9,1775,1742,2.91,4.62
2024-10-21,L6448,P8,464,502,3.34,3.1
2024-06-07,L5846,P8,1801,1752,2.45,3.83
2024-06-07,L3985,P9,1034,1048,5.01,4.86
2024-09-30,L4302,P2,384,293,4.25,4.74
2024-08-08,L6357,P8,1632,1600,5.67,6.56
2024-04-13,L6515,P9,1030,956,1.7,2.8
2024-01-04,L7486,P1,827,867,6.15,6.89
2024-04-02,L8556,P9,967,1006,7.27,8.59
2023-09-27,L5259,P8,804,784,4.43,5.32
2024-03-31,L4187,P1,662,569,1.28,0.99
2023-06-20,L4353,P3,1058,1071,3.0,3.26
2023-12-14,L7233,P9,1200,1208,1.98,1.54
2024-04-07,L3619,P8,1696,1720,6.06,7.38
2025-01-08,L2793,P10,1997,1976,5.04,6.42
2023-10-31,L3333,P9,224,258,4.23,5.99
2024-04-13,L7929,P10,1083,1110,5.72,7.4
2023-10-21,L7589,P2,890,848,2.3,3.79
2024-06-22,L2932,P1,860,870,2.11,3.56
2025-02-06,L4538,P1,119,122,6.52,6.38
2023-07-18,L9054,P2,805,760,2.12,1.95
2024-11-03,L8504,P2,386,436,7.7,8.39
2024-02-01,L1067,P9,339,269,7.6,7.76
2024-06-02,L3090,P3,1288,1338,6.14,5.86
2024-09-15,L6759,P1,804,792,1.28,0.82
2024-07-03,L5231,P10,1452,1353,6.66,6.36
2024-01-29,L6169,P8,1246,1217,1.22,1.15
2024-10-31,L8078,P8,673,627,5.9,5.69
2025-04-08,L6610,P2,762,687,7.61,8.57
2023-08-09,L9137,P3,419,432,3.28,3.64
2024-02-15,L8798,P2,223,139,3.27,4.74
2023-12-19,L2582,P4,557,516,3.65,3.36
2024-03-16,L8396,P3,1287,1197,2.41,3.54
2024-01-04,L8670,P8,1092,1111,5.04,4.72
2023-08-26,L7192,P9,1649,1551,1.26,0.96
2025-05-06,L9129,P1,1357,1399,5.74,6.59
2023-08-21,L1217,P9,388,306,1.05,1.82
2024-02-11,L8909,P9,1947,1883,4.16,4.2
2024-11-14,L7628,P9,1001,958,2.74,4.35
2025-02-05,L6584,P2,1937,1915,1.93,3.07
2024-04-27,L2580,P8,1575,1591,2.41,4.2
2024-10-09,L6872,P8,1345,1379,4.99,4.8
2025-05-18,L7191,P10,757,679,5.65,6.36
2024-05-24,L1347,P3,1313,1272,6.67,6.93
2024-12-21,L1672,P4,1916,1823,3.15,3.85
2023-09-22,L7165,P1,1403,1332,2.95,3.99
2024-12-14,L1279,P2,393,394,2.9,3.11
2023-07-29,L8266,P1,1778,1727,7.22,9.03
2023-10-02,L8293,P4,1912,1826,2.94,3.23
2024-09-22,L9899,P3,1640,1579,8.0,7.52
2024-09-03,L2060,P9,1853,1880,2.74,3.88
2024-12-18,L4718,P4,1516,1563,4.58,6.05
2023-11-08,L5947,P9,1314,1347,6.19,6.41
2024-08-23,L7907,P4,140,50,6.28,6.17
2024-01-13,L5239,P2,461,468,5.42,5.45
2025-05-07,L4255,P10,943,932,5.98,7.82
2024-01-13,L9910,P1,795,791,1.78,1.63
2025-04-19,L6361,P1,1965,1953,5.56,6.8
2024-06-24,L7925,P2,1133,1035,7.14,8.0
2024-05-18,L1539,P1,1673,1581,2.48,2.98
2025-02-20,L8328,P9,1922,1836,5.2,5.93
2025-05-03,L1514,P4,1889,1911,4.07,4.59
2023-09-11,L3451,P3,263,259,7.53,7.91
2023-12-15,L9882,P1,1216,1117,5.54,7.22
2024-12-07,L8076,P3,493,479,4.28,3.96
2023-09-23,L7641,P8,1473,1465,4.97,4.55
2024-05-04,L2309,P10,1222,1232,4.25,4.6
2023-12-19,L4838,P9,1713,1750,4.05,4.41
2024-08-22,L9639,P10,805,825,2.96,4.74
2024-05-24,L2179,P2,1163,1212,2.44,2.17
2023-11-05,L2751,P4,1666,1578,7.8,8.42
2024-02-01,L1940,P9,262,228,3.55,4.3
2024-10-11,L2137,P4,116,125,7.89,7.71
2024-03-30,L6300,P2,1466,1398,7.46,7.7
2024-08-02,L3152,P8,989,909,5.35,5.52
2024-12-11,L2021,P10,932,879,3.92,4.64
2024-07-15,L4420,P2,1774,1806,2.54,2.71
2023-11-29,L6484,P3,1303,1319,4.54,4.5
2024-11-22,L3847,P8,318,223,2.13,3.14
2024-09-29,L9399,P3,1771,1796,7.9,9.36
2024-04-17,L9345,P1,1293,1284,7.3,8.99
2024-12-29,L4946,P3,433,404,5.79,6.47
2025-03-17,L2605,P8,1821,1738,1.87,1.71
2023-08-09,L7326,P9,1893,1901,3.89,5.37
2025-01-25,L2841,P9,1189,1140,4.49,6.27
2025-05-28,L7245,P1,1615,1650,6.03,6.01
2024-09-26,L2734,P1,1464,1439,6.96,7.08
2024-01-16,L4134,P10,150,170,2.86,2.46
2024-06-12,L3891,P4,1319,1230,2.87,3.17
2023-10-08,L3891,P9,1687,1731,5.91,6.32
2024-09-12,L5890,P4,1163,1153,7.75,8.94
2023-06-23,L7822,P3,1608,1625,3.23,3.9
2023-10-25,L6454,P9,879,924,1.57,1.71
2024-10-23,L3050,P3,1807,1835,3.8,5.65
2024-09-06,L2491,P2,1756,1707,5.5,6.73
2024-05-19,L1988,P4,1055,965,7.29,7.13
2023-09-25,L7287,P8,349,331,2.5,4.07
2025-03-26,L4738,P8,1314,1238,2.4,2.57
2024-07-09,L7930,P3,123,106,5.19,5.5
2023-10-19,L9589,P10,248,220,7.33,9.29
2024-08-06,L7524,P8,1884,1795,4.54,4.78
2023-08-16,L6814,P8,1979,1971,7.29,7.5
2025-01-09,L7577,P2,1956,1951,4.63,5.4
2024-01-20,L3443,P4,1755,1746,6.77,8.23
2024-11-29,L7488,P4,1333,1307,2.17,2.0
2025-03-20,L9541,P9,1199,1211,3.43,3.99
2024-07-28,L4528,P3,145,56,3.57,5.46
2023-08-02,L2065,P8,937,915,6.17,7.44
2024-06-18,L2742,P1,1490,1466,2.89,3.96
2024-12-26,L9847,P2,841,885,2.15,2.83
2023-10-06,L6139,P10,1151,1114,4.93,5.96
2024-01-23,L3228,P3,462,401,6.41,8.25
2023-09-08,L8685,P8,1915,1914,2.85,4.26
2025-03-30,L8580,P1,1038,987,4.78,4.39
2025-02-07,L3759,P2,1377,1359,6.48,6.94
2024-07-09,L7501,P9,1092,1008,4.29,4.9
2023-11-27,L8134,P3,369,313,4.19,3.97
2024-11-13,L9899,P10,449,491,7.34,8.21
2024-12-05,L8600,P4,1636,1634,1.48,1.18
2024-04-11,L5644,P9,1648,1574,3.51,3.99
2024-10-11,L5068,P2,1502,1491,1.34,1.31
2023-10-04,L6608,P3,707,653,3.49,3.11
2023-09-17,L1480,P1,485,488,3.34,3.25
2024-01-10,L1347,P9,1458,1489,5.83,7.33
2023-11-23,L7749,P4,682,665,5.91,7.08
2024-06-07,L4581,P10,1556,1509,3.8,5.17
2025-03-04,L4956,P9,1781,1823,2.18,3.27
2024-06-29,L3230,P2,223,165,5.09,6.4
2024-10-12,L1117,P4,821,783,2.34,3.93
2025-05-31,L1565,P3,173,212,1.94,3.29
2025-03-27,L1178,P9,931,953,1.38,3.31
2023-09-16,L3869,P3,132,144,1.65,2.4
2024-03-19,L9549,P9,581,489,7.84,7.84
2024-12-20,L4540,P8,363,407,7.61,9.39
2024-07-05,L6961,P9,1442,1487,7.4,8.51
2025-02-04,L8616,P10,482,473,2.47,4.2
2024-12-05,L2379,P3,1997,1990,5.53,5.68
2024-07-21,L1665,P8,1232,1228,7.43,9.0
2023-09-26,L6722,P9,184,146,4.57,4.73
2025-04-02,L7442,P4,1248,1266,4.52,5.48
2024-09-06,L7857,P4,382,326,5.8,6.22
2024-11-20,L1746,P8,437,383,1.54,3.49
2025-01-26,L1532,P2,1466,1436,6.07,6.68
2024-03-26,L3837,P8,470,430,7.35,7.36
2024-07-26,L9333,P4,1861,1903,4.2,6.0
2025-01-25,L5334,P10,1739,1754,1.51,1.84
2024-09-07,L7238,P9,262,302,4.54,4.96
2024-04-06,L5263,P4,505,513,1.72,3.41
2025-05-04,L8380,P2,1405,1364,4.42,4.99
2024-12-27,L1353,P4,644,684,5.02,7.01
2023-10-09,L9756,P3,197,142,4.01,3.88
2024-03-07,L3057,P4,1454,1405,6.6,6.98
2023-12-30,L3371,P4,401,349,5.92,7.66
2025-01-03,L6052,P2,235,268,7.76,9.0
2024-05-02,L6998,P8,1781,1788,3.97,4.01
2025-02-24,L4567,P1,773,711,2.06,3.19
2024-10-11,L6261,P4,1246,1249,3.27,4.24
2024-04-06,L5149,P1,1892,1828,2.13,3.91
2025-01-22,L1338,P8,274,243,2.09,3.19
2025-03-03,L4513,P4,947,922,3.04,4.25
2023-11-24,L8137,P8,760,765,4.3,5.13
2023-08-14,L5478,P4,725,645,7.22,7.11
2024-11-29,L5396,P10,844,835,7.58,8.32
2024-08-23,L8541,P1,230,266,2.1,3.54
2025-01-07,L6863,P2,637,639,7.34,9.03
2023-10-15,L4755,P2,1184,1151,7.57,7.9
2024-08-28,L5619,P10,1125,1173,3.15,4.08
2024-04-21,L9569,P3,461,373,3.52,3.37
2023-10-02,L8267,P2,536,460,2.33,2.56
2023-12-30,L5126,P10,992,946,7.16,8.89
2024-05-01,L7376,P4,1789,1819,2.15,2.89
2024-11-25,L2903,P3,697,675,1.98,3.38
2024-06-13,L1301,P2,298,310,5.71,5.8
2024-11-29,L4365,P10,422,343,2.56,2.09
2024-10-25,L2792,P8,1142,1050,6.64,7.12
2024-06-12,L1203,P1,785,788,1.14,1.73
2023-06-29,L9897,P4,1542,1449,6.05,7.58
2025-04-12,L1309,P8,884,813,4.23,4.19
2025-02-04,L6174,P8,123,68,2.44,2.35
2024-07-05,L7798,P10,1615,1535,4.74,5.73
2025-05-13,L2182,P1,640,635,3.64,5.14
2023-12-27,L1909,P3,392,341,7.09,7.14
2023-07-07,L4747,P1,561,579,6.78,7.35
2023-09-07,L6726,P2,501,442,7.06,7.41
2025-03-21,L4538,P10,685,682,5.8,6.55
2024-02-16,L2199,P4,796,818,2.28,3.92
2024-01-28,L3060,P3,1841,1754,7.78,9.29
2023-07-01,L5544,P2,862,834,4.55,5.38
2024-07-22,L5438,P2,871,862,7.58,7.88
2024-08-12,L8683,P2,179,190,2.4,3.91
2025-01-19,L2964,P9,401,359,1.42,1.47
2023-08-24,L3878,P9,1117,1107,7.23,7.03
2024-09-27,L5444,P10,1378,1401,4.93,4.92
2024-10-07,L3068,P3,106,122,6.36,6.2
2024-11-14,L1464,P1,977,918,5.83,5.87
2025-01-26,L2134,P1,486,477,4.75,6.44
2025-01-06,L3317,P10,428,465,6.22,7.46
2025-05-23,L4622,P4,403,432,5.2,6.22
2023-08-15,L9114,P3,1329,1341,2.45,2.42
2025-03-13,L5475,P4,1785,1740,1.52,2.07
2023-11-23,L6119,P3,476,470,5.4,5.49
2024-08-13,L3878,P8,761,708,1.39,2.0
2025-01-15,L9592,P4,1381,1382,2.15,2.07
2023-06-25,L6024,P3,991,1004,5.44,6.17
2025-04-07,L6785,P4,897,926,3.7,4.17
2024-10-23,L7507,P1,1770,1782,1.18,0.74
2023-10-03,L2992,P9,1708,1629,2.01,2.86
2023-08-29,L1914,P9,1588,1523,7.57,9.33
2024-09-28,L7558,P1,745,713,3.13,4.04
2024-02-29,L7944,P4,1435,1400,2.29,3.21
2024-03-28,L2669,P2,733,734,5.47,6.43
2024-02-23,L1654,P1,103,17,3.09,4.6
2024-09-08,L5496,P1,1174,1138,2.3,2.36
